
/*!40101 SET @OLD_CHARACTER_SET_CLIENT=@@CHARACTER_SET_CLIENT */;
/*!40101 SET @OLD_CHARACTER_SET_RESULTS=@@CHARACTER_SET_RESULTS */;
/*!40101 SET @OLD_COLLATION_CONNECTION=@@COLLATION_CONNECTION */;
/*!40101 SET NAMES utf8 */;
/*!40103 SET @OLD_TIME_ZONE=@@TIME_ZONE */;
/*!40103 SET TIME_ZONE='+00:00' */;
/*!40014 SET @OLD_UNIQUE_CHECKS=@@UNIQUE_CHECKS, UNIQUE_CHECKS=0 */;
/*!40014 SET @OLD_FOREIGN_KEY_CHECKS=@@FOREIGN_KEY_CHECKS, FOREIGN_KEY_CHECKS=0 */;
/*!40101 SET @OLD_SQL_MODE=@@SQL_MODE, SQL_MODE='NO_AUTO_VALUE_ON_ZERO' */;
/*!40111 SET @OLD_SQL_NOTES=@@SQL_NOTES, SQL_NOTES=0 */;
DROP TABLE IF EXISTS `agremiado`;
/*!40101 SET @saved_cs_client     = @@character_set_client */;
/*!40101 SET character_set_client = utf8 */;
CREATE TABLE `agremiado` (
  `id` int(11) NOT NULL AUTO_INCREMENT,
  `civ` int(10) DEFAULT NULL,
  `trabajo` varchar(50) DEFAULT NULL,
  `saldo` float DEFAULT NULL,
  `status` varchar(20) DEFAULT NULL,
  `parroquia_id` int(11) DEFAULT NULL,
  `universidad_id` int(11) DEFAULT NULL,
  `deleted_at` timestamp NULL DEFAULT NULL ON UPDATE CURRENT_TIMESTAMP,
  `solvencia` date DEFAULT NULL,
  `updated_at` timestamp NULL DEFAULT CURRENT_TIMESTAMP ON UPDATE CURRENT_TIMESTAMP,
  `created_at` timestamp NULL DEFAULT CURRENT_TIMESTAMP ON UPDATE CURRENT_TIMESTAMP,
  `especialidad_id` int(11) DEFAULT NULL,
  `persona_id` int(11) DEFAULT NULL,
  PRIMARY KEY (`id`),
  KEY `universidad_id` (`universidad_id`),
  KEY `parroquia_id` (`parroquia_id`),
  KEY `especialidad_id` (`especialidad_id`),
  KEY `persona_id` (`persona_id`)
) ENGINE=InnoDB AUTO_INCREMENT=71 DEFAULT CHARSET=latin1;
/*!40101 SET character_set_client = @saved_cs_client */;

LOCK TABLES `agremiado` WRITE;
/*!40000 ALTER TABLE `agremiado` DISABLE KEYS */;
INSERT INTO `agremiado` VALUES (1,93,'DESDE MI CASA',NULL,'LUCHADO',NULL,NULL,NULL,'2019-04-24','2019-04-29 13:35:49','2019-04-29 13:35:49',NULL,NULL),(5,7575,'CADAFE',NULL,NULL,NULL,NULL,NULL,'2019-04-03','2019-04-29 13:35:56','2019-04-29 13:35:56',NULL,NULL),(7,34256,'JSFSJ',NULL,NULL,NULL,NULL,NULL,'2019-01-31','2019-06-08 21:37:17','2019-06-08 21:37:17',NULL,NULL),(8,4231,'EN MI CASA',NULL,NULL,NULL,NULL,NULL,'2019-05-01','2019-05-03 17:15:27','2019-05-03 17:15:27',NULL,NULL),(10,2255,'NADA',NULL,NULL,NULL,NULL,'2019-06-08 22:00:52','2019-05-31','2019-06-09 02:00:52','2019-06-08 22:00:52',NULL,NULL),(11,249765,'CENTRO DE INGENIEROS YARACUY',NULL,NULL,NULL,NULL,NULL,'2019-05-31','2019-05-28 21:08:32','2019-05-28 21:08:32',NULL,NULL),(12,249765,'CENTRO DE INGENIEROS YARACUY',NULL,NULL,NULL,NULL,NULL,'2019-05-31','2019-05-28 21:13:27','2019-05-28 21:13:27',NULL,NULL),(13,249765,'CENTRO DE INGENIEROS YARACUY',NULL,NULL,NULL,NULL,NULL,'2019-05-31','2019-05-28 21:14:03','2019-05-28 21:14:03',NULL,NULL),(14,249765,'CENTRO DE INGENIEROS YARACUY',NULL,NULL,NULL,NULL,NULL,'2019-05-06','2019-05-28 21:14:46','2019-05-28 21:14:46',NULL,NULL),(15,249765,'CENTRO DE INGENIEROS YARACUY',NULL,NULL,NULL,NULL,NULL,'2019-05-06','2019-05-28 21:14:53','2019-05-28 21:14:53',NULL,NULL),(16,249765,'CENTRO DE INGENIEROS YARACUY',NULL,NULL,NULL,NULL,NULL,'2019-05-06','2019-05-28 21:15:03','2019-05-28 21:15:03',NULL,NULL),(17,249765,'CENTRO DE INGENIEROS YARACUY',NULL,NULL,NULL,NULL,NULL,'2019-05-06','2019-05-28 21:15:12','2019-05-28 21:15:12',NULL,NULL),(18,249765,'CENTRO DE INGENIEROS YARACUY',NULL,NULL,NULL,NULL,NULL,'2019-05-06','2019-05-28 21:15:35','2019-05-28 21:15:35',NULL,NULL),(19,249765,'CENTRO DE INGENIEROS YARACUY',NULL,NULL,NULL,NULL,NULL,'2019-05-06','2019-05-28 21:15:49','2019-05-28 21:15:49',NULL,NULL),(20,249765,'CENTRO DE INGENIEROS',NULL,NULL,NULL,NULL,NULL,'2019-05-06','2019-05-28 21:16:18','2019-05-28 21:16:18',NULL,NULL),(21,185240,'UNEY',NULL,NULL,NULL,NULL,NULL,'2019-05-17','2019-05-28 21:20:35','2019-05-28 21:20:35',NULL,NULL),(23,18524,'UNEY',NULL,NULL,NULL,NULL,NULL,'2019-05-17','2019-05-28 21:22:47','2019-05-28 21:22:47',NULL,NULL),(24,18524,'UNEY',NULL,NULL,NULL,NULL,NULL,'2019-05-17','2019-05-28 21:23:29','2019-05-28 21:23:29',NULL,NULL),(27,133584,'UPTYARACUY',NULL,NULL,NULL,NULL,NULL,'2019-05-31','2019-05-28 21:59:04','2019-05-28 21:59:04',NULL,NULL),(29,12347,'NADA',NULL,NULL,NULL,NULL,NULL,'2019-05-31','2019-05-29 18:14:04','2019-05-29 18:14:04',NULL,NULL),(40,9874,'NE',NULL,NULL,NULL,NULL,NULL,'2019-06-19','2019-06-10 18:57:06','2019-06-10 18:57:06',NULL,NULL),(48,94986,'NADA',NULL,NULL,NULL,NULL,NULL,NULL,'2019-07-29 02:39:47','2019-07-29 02:39:47',NULL,NULL),(49,56360,'NADA',NULL,NULL,NULL,NULL,NULL,NULL,'2019-07-29 02:42:43','2019-07-29 02:42:43',NULL,NULL),(50,98217,'NADA',NULL,NULL,NULL,NULL,NULL,NULL,'2019-07-29 02:45:26','2019-07-29 02:45:26',NULL,NULL),(51,3851,'NADA',NULL,NULL,NULL,NULL,NULL,NULL,'2019-07-29 02:48:06','2019-07-29 02:48:06',NULL,NULL),(52,35885,'NADA',NULL,NULL,NULL,NULL,NULL,NULL,'2019-07-29 02:49:52','2019-07-29 02:49:52',NULL,NULL),(53,74581,'NADA',NULL,NULL,NULL,NULL,NULL,NULL,'2019-07-29 02:51:31','2019-07-29 02:51:31',NULL,NULL),(54,50846,'NADA',NULL,NULL,NULL,NULL,NULL,NULL,'2019-07-29 03:41:23','2019-07-29 03:41:23',NULL,NULL),(55,85593,'NADA',NULL,NULL,NULL,NULL,NULL,NULL,'2019-07-29 03:43:02','2019-07-29 03:43:02',NULL,NULL),(56,3688,'NADA',NULL,NULL,NULL,NULL,NULL,NULL,'2019-07-29 03:44:44','2019-07-29 03:44:44',NULL,NULL),(57,62685,'NADA',NULL,NULL,NULL,4,'2019-11-18 08:53:10',NULL,'2019-11-18 08:53:10','2019-11-18 08:53:10',NULL,NULL),(58,53845,'NADA',NULL,NULL,NULL,4,'2019-11-18 08:53:08',NULL,'2019-11-18 08:53:08','2019-11-18 08:53:08',NULL,NULL),(59,70046,'NADA',NULL,NULL,NULL,4,'2019-11-18 08:53:05',NULL,'2019-11-18 08:53:05','2019-11-18 08:53:05',NULL,NULL),(60,72263,'NADA',NULL,NULL,NULL,4,'2019-11-18 08:53:01',NULL,'2019-11-18 08:53:01','2019-11-18 08:53:01',NULL,NULL),(61,34236,'NADA',NULL,NULL,NULL,4,'2019-11-18 08:52:57',NULL,'2019-11-18 08:52:57','2019-11-18 08:52:57',NULL,NULL),(62,44470,'NADA',NULL,NULL,NULL,4,'2019-11-18 08:52:51',NULL,'2019-11-18 08:52:51','2019-11-18 08:52:51',NULL,NULL),(63,73327,'NADA',NULL,NULL,NULL,6,'2019-11-18 08:52:47',NULL,'2019-11-18 08:52:47','2019-11-18 08:52:47',NULL,NULL),(64,65613,'NADA',NULL,NULL,NULL,6,'2019-11-18 08:52:42',NULL,'2019-11-18 08:52:42','2019-11-18 08:52:42',NULL,NULL),(65,57053,'NADA',NULL,NULL,NULL,6,'2019-11-18 08:52:39',NULL,'2019-11-18 08:52:39','2019-11-18 08:52:39',NULL,NULL),(66,97665,'NADA',NULL,NULL,NULL,6,'2019-11-18 08:52:35',NULL,'2019-11-18 08:52:35','2019-11-18 08:52:35',NULL,NULL),(67,51210,'NADA',NULL,NULL,NULL,6,'2019-11-18 08:52:31',NULL,'2019-11-18 08:52:31','2019-11-18 08:52:31',NULL,NULL),(68,157982,'EJERCICIO LIBRE',NULL,NULL,NULL,6,NULL,NULL,'2019-11-02 19:24:55','2019-11-02 19:24:55',NULL,NULL),(69,47794,'LIBRE EJERCICIO',NULL,NULL,NULL,4,NULL,NULL,'2019-11-04 18:19:47','2019-11-04 18:19:47',NULL,NULL),(70,59816,'LIBRE EJERCICIO',NULL,NULL,NULL,6,NULL,NULL,'2019-11-06 18:42:33','2019-11-06 18:42:33',NULL,NULL);
/*!40000 ALTER TABLE `agremiado` ENABLE KEYS */;
UNLOCK TABLES;
/*!50003 SET @saved_cs_client      = @@character_set_client */ ;
/*!50003 SET @saved_cs_results     = @@character_set_results */ ;
/*!50003 SET @saved_col_connection = @@collation_connection */ ;
/*!50003 SET character_set_client  = utf8mb4 */ ;
/*!50003 SET character_set_results = utf8mb4 */ ;
/*!50003 SET collation_connection  = utf8mb4_general_ci */ ;
/*!50003 SET @saved_sql_mode       = @@sql_mode */ ;
/*!50003 SET sql_mode              = 'NO_AUTO_VALUE_ON_ZERO' */ ;
DELIMITER ;;
/*!50003 CREATE*/ /*!50017 DEFINER=`root`@`localhost`*/ /*!50003 TRIGGER `agremiado_ai` AFTER INSERT ON `agremiado` FOR EACH ROW INSERT INTO bitacora (accion, fecha_hora, tabla) VALUES ('INSERT',NOW(), 'AGREMIADO') */;;
DELIMITER ;
/*!50003 SET sql_mode              = @saved_sql_mode */ ;
/*!50003 SET character_set_client  = @saved_cs_client */ ;
/*!50003 SET character_set_results = @saved_cs_results */ ;
/*!50003 SET collation_connection  = @saved_col_connection */ ;
/*!50003 SET @saved_cs_client      = @@character_set_client */ ;
/*!50003 SET @saved_cs_results     = @@character_set_results */ ;
/*!50003 SET @saved_col_connection = @@collation_connection */ ;
/*!50003 SET character_set_client  = utf8mb4 */ ;
/*!50003 SET character_set_results = utf8mb4 */ ;
/*!50003 SET collation_connection  = utf8mb4_general_ci */ ;
/*!50003 SET @saved_sql_mode       = @@sql_mode */ ;
/*!50003 SET sql_mode              = 'NO_AUTO_VALUE_ON_ZERO' */ ;
DELIMITER ;;
/*!50003 CREATE*/ /*!50017 DEFINER=`root`@`localhost`*/ /*!50003 TRIGGER `agremiado_au` AFTER UPDATE ON `agremiado` FOR EACH ROW INSERT INTO bitacora (accion, fecha_hora, tabla) VALUES ('UPDATE',NOW(), 'AGREMIADO') */;;
DELIMITER ;
/*!50003 SET sql_mode              = @saved_sql_mode */ ;
/*!50003 SET character_set_client  = @saved_cs_client */ ;
/*!50003 SET character_set_results = @saved_cs_results */ ;
/*!50003 SET collation_connection  = @saved_col_connection */ ;
/*!50003 SET @saved_cs_client      = @@character_set_client */ ;
/*!50003 SET @saved_cs_results     = @@character_set_results */ ;
/*!50003 SET @saved_col_connection = @@collation_connection */ ;
/*!50003 SET character_set_client  = utf8mb4 */ ;
/*!50003 SET character_set_results = utf8mb4 */ ;
/*!50003 SET collation_connection  = utf8mb4_general_ci */ ;
/*!50003 SET @saved_sql_mode       = @@sql_mode */ ;
/*!50003 SET sql_mode              = 'NO_AUTO_VALUE_ON_ZERO' */ ;
DELIMITER ;;
/*!50003 CREATE*/ /*!50017 DEFINER=`root`@`localhost`*/ /*!50003 TRIGGER `agremiado_ad` AFTER DELETE ON `agremiado` FOR EACH ROW INSERT INTO bitacora (accion, fecha_hora, tabla) VALUES ('DELETE',NOW(), 'AGREMIADO') */;;
DELIMITER ;
/*!50003 SET sql_mode              = @saved_sql_mode */ ;
/*!50003 SET character_set_client  = @saved_cs_client */ ;
/*!50003 SET character_set_results = @saved_cs_results */ ;
/*!50003 SET collation_connection  = @saved_col_connection */ ;
DROP TABLE IF EXISTS `agremiado_especialidad`;
/*!40101 SET @saved_cs_client     = @@character_set_client */;
/*!40101 SET character_set_client = utf8 */;
CREATE TABLE `agremiado_especialidad` (
  `id` int(11) NOT NULL AUTO_INCREMENT,
  `agremiado_id` int(11) NOT NULL,
  `especialidad_id` int(11) NOT NULL,
  `deleted_at` timestamp NULL DEFAULT NULL,
  `updated_at` timestamp NULL DEFAULT CURRENT_TIMESTAMP,
  `created_at` timestamp NULL DEFAULT CURRENT_TIMESTAMP,
  PRIMARY KEY (`id`),
  KEY `agremiado_especialidad_ibfk_1` (`agremiado_id`),
  KEY `agremiado_especialidad_ibfk_2` (`especialidad_id`),
  CONSTRAINT `agremiado_especialidad_ibfk_1` FOREIGN KEY (`agremiado_id`) REFERENCES `agremiado` (`id`) ON UPDATE CASCADE,
  CONSTRAINT `agremiado_especialidad_ibfk_2` FOREIGN KEY (`especialidad_id`) REFERENCES `especialidad` (`id`) ON UPDATE CASCADE
) ENGINE=InnoDB AUTO_INCREMENT=81 DEFAULT CHARSET=latin1;
/*!40101 SET character_set_client = @saved_cs_client */;

LOCK TABLES `agremiado_especialidad` WRITE;
/*!40000 ALTER TABLE `agremiado_especialidad` DISABLE KEYS */;
INSERT INTO `agremiado_especialidad` VALUES (8,1,1,NULL,'2019-04-22 04:06:24','2019-04-22 04:06:24'),(12,1,4,NULL,'2019-04-22 04:22:30','2019-04-22 04:22:30'),(13,1,4,NULL,'2019-04-22 04:23:07','2019-04-22 04:23:07'),(14,1,4,NULL,'2019-04-22 04:25:33','2019-04-22 04:25:33'),(15,1,4,NULL,'2019-04-22 04:28:00','2019-04-22 04:28:00'),(18,8,17,NULL,'2019-05-03 13:15:28','2019-05-03 13:15:28'),(20,10,12,NULL,'2019-05-13 16:10:05','2019-05-13 16:10:05'),(21,11,20,NULL,'2019-05-28 17:08:32','2019-05-28 17:08:32'),(22,12,20,NULL,'2019-05-28 17:13:27','2019-05-28 17:13:27'),(23,13,20,NULL,'2019-05-28 17:14:03','2019-05-28 17:14:03'),(24,14,20,NULL,'2019-05-28 17:14:46','2019-05-28 17:14:46'),(25,15,20,NULL,'2019-05-28 17:14:53','2019-05-28 17:14:53'),(26,16,20,NULL,'2019-05-28 17:15:03','2019-05-28 17:15:03'),(27,17,19,NULL,'2019-05-28 17:15:12','2019-05-28 17:15:12'),(28,18,20,NULL,'2019-05-28 17:15:35','2019-05-28 17:15:35'),(29,19,20,NULL,'2019-05-28 17:15:49','2019-05-28 17:15:49'),(30,20,20,NULL,'2019-05-28 17:16:18','2019-05-28 17:16:18'),(31,21,17,NULL,'2019-05-28 17:20:35','2019-05-28 17:20:35'),(33,23,20,NULL,'2019-05-28 17:22:47','2019-05-28 17:22:47'),(34,24,20,NULL,'2019-05-28 17:23:29','2019-05-28 17:23:29'),(37,27,21,NULL,'2019-05-28 17:59:04','2019-05-28 17:59:04'),(39,29,19,NULL,'2019-05-29 14:14:05','2019-05-29 14:14:05'),(58,48,20,NULL,'2019-07-28 22:39:47','2019-07-28 22:39:47'),(59,49,20,NULL,'2019-07-28 22:42:43','2019-07-28 22:42:43'),(60,50,20,NULL,'2019-07-28 22:45:26','2019-07-28 22:45:26'),(61,51,20,NULL,'2019-07-28 22:48:06','2019-07-28 22:48:06'),(62,52,20,NULL,'2019-07-28 22:49:52','2019-07-28 22:49:52'),(63,53,12,NULL,'2019-07-28 22:51:31','2019-07-28 22:51:31'),(64,54,23,NULL,'2019-07-28 23:41:23','2019-07-28 23:41:23'),(65,55,20,NULL,'2019-07-28 23:43:02','2019-07-28 23:43:02'),(66,56,25,NULL,'2019-07-28 23:44:44','2019-07-28 23:44:44'),(67,57,20,NULL,'2019-07-28 23:47:20','2019-07-28 23:47:20'),(68,58,30,NULL,'2019-07-28 23:51:08','2019-07-28 23:51:08'),(69,59,21,NULL,'2019-07-28 23:53:54','2019-07-28 23:53:54'),(70,60,1,NULL,'2019-07-28 23:55:48','2019-07-28 23:55:48'),(71,61,20,NULL,'2019-07-28 23:56:58','2019-07-28 23:56:58'),(72,62,20,NULL,'2019-07-28 23:58:52','2019-07-28 23:58:52'),(73,63,23,NULL,'2019-07-29 00:00:14','2019-07-29 00:00:14'),(74,64,23,NULL,'2019-07-29 00:01:49','2019-07-29 00:01:49'),(75,65,12,NULL,'2019-07-29 00:03:25','2019-07-29 00:03:25'),(76,66,25,NULL,'2019-07-29 00:05:30','2019-07-29 00:05:30'),(77,67,20,NULL,'2019-07-29 00:08:16','2019-07-29 00:08:16'),(78,68,20,NULL,'2019-11-02 15:24:57','2019-11-02 15:24:57'),(79,69,20,NULL,'2019-11-04 14:19:48','2019-11-04 14:19:48'),(80,70,20,NULL,'2019-11-06 14:42:33','2019-11-06 14:42:33');
/*!40000 ALTER TABLE `agremiado_especialidad` ENABLE KEYS */;
UNLOCK TABLES;
DROP TABLE IF EXISTS `agremiado_persona`;
/*!40101 SET @saved_cs_client     = @@character_set_client */;
/*!40101 SET character_set_client = utf8 */;
CREATE TABLE `agremiado_persona` (
  `id` int(11) NOT NULL AUTO_INCREMENT,
  `agremiado_id` int(11) NOT NULL,
  `persona_id` int(11) NOT NULL,
  `deleted_at` timestamp NULL DEFAULT NULL ON UPDATE CURRENT_TIMESTAMP,
  `created_at` timestamp NULL DEFAULT CURRENT_TIMESTAMP ON UPDATE CURRENT_TIMESTAMP,
  `updated_at` timestamp NULL DEFAULT CURRENT_TIMESTAMP ON UPDATE CURRENT_TIMESTAMP,
  PRIMARY KEY (`id`),
  KEY `agremiado_id` (`agremiado_id`),
  KEY `persona_id` (`persona_id`),
  CONSTRAINT `agremiado_persona_ibfk_1` FOREIGN KEY (`agremiado_id`) REFERENCES `agremiado` (`id`) ON UPDATE CASCADE,
  CONSTRAINT `agremiado_persona_ibfk_2` FOREIGN KEY (`persona_id`) REFERENCES `persona` (`id`) ON UPDATE CASCADE
) ENGINE=InnoDB AUTO_INCREMENT=54 DEFAULT CHARSET=latin1;
/*!40101 SET character_set_client = @saved_cs_client */;

LOCK TABLES `agremiado_persona` WRITE;
/*!40000 ALTER TABLE `agremiado_persona` DISABLE KEYS */;
INSERT INTO `agremiado_persona` VALUES (31,48,127,NULL,'2019-07-29 02:39:47','2019-07-29 02:39:47'),(32,49,128,NULL,'2019-07-29 02:42:43','2019-07-29 02:42:43'),(33,50,129,NULL,'2019-07-29 02:45:26','2019-07-29 02:45:26'),(34,51,130,NULL,'2019-07-29 02:48:06','2019-07-29 02:48:06'),(35,52,131,NULL,'2019-07-29 02:49:52','2019-07-29 02:49:52'),(36,53,132,NULL,'2019-07-29 02:51:31','2019-07-29 02:51:31'),(37,54,133,NULL,'2019-07-29 03:41:23','2019-07-29 03:41:23'),(38,55,134,NULL,'2019-07-29 03:43:02','2019-07-29 03:43:02'),(39,56,135,NULL,'2019-07-29 03:44:44','2019-07-29 03:44:44'),(40,57,136,NULL,'2019-07-29 03:47:20','2019-07-29 03:47:20'),(41,58,137,NULL,'2019-07-29 03:51:08','2019-07-29 03:51:08'),(42,59,138,NULL,'2019-07-29 03:53:54','2019-07-29 03:53:54'),(43,60,139,NULL,'2019-07-29 03:55:48','2019-07-29 03:55:48'),(44,61,140,NULL,'2019-07-29 03:56:58','2019-07-29 03:56:58'),(45,62,141,NULL,'2019-07-29 03:58:52','2019-07-29 03:58:52'),(46,63,142,NULL,'2019-07-29 04:00:14','2019-07-29 04:00:14'),(47,64,143,NULL,'2019-07-29 04:01:49','2019-07-29 04:01:49'),(48,65,144,NULL,'2019-07-29 04:03:25','2019-07-29 04:03:25'),(49,66,145,NULL,'2019-07-29 04:05:30','2019-07-29 04:05:30'),(50,67,146,NULL,'2019-07-29 04:08:16','2019-07-29 04:08:16'),(51,68,147,NULL,'2019-11-02 19:24:57','2019-11-02 19:24:57'),(52,69,148,NULL,'2019-11-04 18:19:48','2019-11-04 18:19:48'),(53,70,149,NULL,'2019-11-06 18:42:34','2019-11-06 18:42:34');
/*!40000 ALTER TABLE `agremiado_persona` ENABLE KEYS */;
UNLOCK TABLES;
DROP TABLE IF EXISTS `agremiado_proyecto`;
/*!40101 SET @saved_cs_client     = @@character_set_client */;
/*!40101 SET character_set_client = utf8 */;
CREATE TABLE `agremiado_proyecto` (
  `id` int(11) NOT NULL AUTO_INCREMENT,
  `agremiado_id` int(11) NOT NULL,
  `proyecto_id` int(11) NOT NULL,
  `deleted_at` timestamp NULL DEFAULT CURRENT_TIMESTAMP ON UPDATE CURRENT_TIMESTAMP,
  `created_at` timestamp NULL DEFAULT CURRENT_TIMESTAMP ON UPDATE CURRENT_TIMESTAMP,
  `updated_at` timestamp NULL DEFAULT CURRENT_TIMESTAMP ON UPDATE CURRENT_TIMESTAMP,
  PRIMARY KEY (`id`),
  KEY `agremiado_id` (`agremiado_id`),
  KEY `proyecto_id` (`proyecto_id`),
  CONSTRAINT `agremiado_proyecto_ibfk_1` FOREIGN KEY (`agremiado_id`) REFERENCES `agremiado` (`id`)
) ENGINE=InnoDB DEFAULT CHARSET=latin1;
/*!40101 SET character_set_client = @saved_cs_client */;

LOCK TABLES `agremiado_proyecto` WRITE;
/*!40000 ALTER TABLE `agremiado_proyecto` DISABLE KEYS */;
/*!40000 ALTER TABLE `agremiado_proyecto` ENABLE KEYS */;
UNLOCK TABLES;
DROP TABLE IF EXISTS `agremiado_solvencia`;
/*!40101 SET @saved_cs_client     = @@character_set_client */;
/*!40101 SET character_set_client = utf8 */;
CREATE TABLE `agremiado_solvencia` (
  `id` int(11) NOT NULL AUTO_INCREMENT,
  `solvencia_id` int(11) NOT NULL,
  `agremiado_id` int(11) NOT NULL,
  `deleted_at` timestamp NULL DEFAULT CURRENT_TIMESTAMP ON UPDATE CURRENT_TIMESTAMP,
  `created_at` timestamp NULL DEFAULT CURRENT_TIMESTAMP ON UPDATE CURRENT_TIMESTAMP,
  `updated_at` timestamp NULL DEFAULT CURRENT_TIMESTAMP ON UPDATE CURRENT_TIMESTAMP,
  PRIMARY KEY (`id`),
  KEY `solvencia_id` (`solvencia_id`),
  KEY `agremiado_id` (`agremiado_id`),
  CONSTRAINT `agremiado_solvencia_ibfk_1` FOREIGN KEY (`agremiado_id`) REFERENCES `agremiado` (`id`) ON UPDATE CASCADE,
  CONSTRAINT `agremiado_solvencia_ibfk_2` FOREIGN KEY (`solvencia_id`) REFERENCES `solvencia` (`id`)
) ENGINE=InnoDB DEFAULT CHARSET=latin1;
/*!40101 SET character_set_client = @saved_cs_client */;

LOCK TABLES `agremiado_solvencia` WRITE;
/*!40000 ALTER TABLE `agremiado_solvencia` DISABLE KEYS */;
/*!40000 ALTER TABLE `agremiado_solvencia` ENABLE KEYS */;
UNLOCK TABLES;
DROP TABLE IF EXISTS `auditoria`;
/*!40101 SET @saved_cs_client     = @@character_set_client */;
/*!40101 SET character_set_client = utf8 */;
CREATE TABLE `auditoria` (
  `id` int(11) NOT NULL AUTO_INCREMENT,
  `codigo` varchar(20) DEFAULT NULL,
  `status` varchar(20) DEFAULT NULL,
  `estado` varchar(30) NOT NULL DEFAULT 'SIN VISADO',
  `agremiado_id` int(11) NOT NULL,
  `motivo_id` int(11) NOT NULL,
  `nombre` varchar(200) NOT NULL,
  `observacion` varchar(200) DEFAULT NULL,
  `observacion_final` varchar(100) DEFAULT NULL,
  `filenames` varchar(200) DEFAULT NULL,
  `nombre_plano` varchar(100) DEFAULT NULL,
  `updated_at` timestamp NULL DEFAULT CURRENT_TIMESTAMP ON UPDATE CURRENT_TIMESTAMP,
  `created_at` timestamp NULL DEFAULT CURRENT_TIMESTAMP ON UPDATE CURRENT_TIMESTAMP,
  `deleted_at` timestamp NULL DEFAULT NULL,
  PRIMARY KEY (`id`),
  KEY `agremiado_id` (`agremiado_id`),
  KEY `motivo_id` (`motivo_id`),
  CONSTRAINT `auditoria_ibfk_2` FOREIGN KEY (`agremiado_id`) REFERENCES `agremiado` (`id`)
) ENGINE=InnoDB AUTO_INCREMENT=10 DEFAULT CHARSET=latin1;
/*!40101 SET character_set_client = @saved_cs_client */;

LOCK TABLES `auditoria` WRITE;
/*!40000 ALTER TABLE `auditoria` DISABLE KEYS */;
INSERT INTO `auditoria` VALUES (1,NULL,'APROBADO','CON VISADO',49,4,'RESTAURACION DE TECHO EN CIEY','NADA QUE ACOTAR','TODO ESTA CORRECTO','/home/abe/Escritorio/EL que tal/sisol/storage/app/public/Diagrama de Caso de Uso.png','Diagrama de Caso de Uso.png','2019-11-13 14:07:44','2019-11-13 14:07:44',NULL),(2,NULL,'RECHAZADO','SIN VISADO',48,2,'RESTAURACIONES DE IUTY','SE OBSERVARA','MAL','/home/abe/Escritorio/EL que tal/sisol/storage/app/public/mere4.jpeg','mere4.jpeg','2019-11-02 19:42:37','2019-11-02 15:42:37',NULL),(3,NULL,'APROBADO','SIN VISADO',51,5,'TECHO EN AGUAS DE YARACUY','NADA QUE ACTORA','TODO BIEN','/home/abe/Escritorio/EL que tal/sisol/storage/app/public/locución.docx','locución.docx','2019-11-02 19:30:45','2019-11-02 15:30:45',NULL),(4,NULL,'APROBADO','SIN VISADO',49,2,'REPARACION DE TECHO EN UNEY','NADA QUE ACOTAR','NADA QUEACOTAR','/home/abe/Escritorio/EL que tal/sisol/storage/app/public/rebelión_en_la_granja.pdf','rebelión_en_la_granja.pdf','2019-11-04 16:54:53','2019-11-04 12:54:53',NULL),(5,NULL,'APROBADO','CON VISADO',49,4,'PAREDES DE CONCRETO','PARED','CUMPLE','C:\\Users\\Luis\\Desktop\\18-10\\EL que tal\\sisol\\storage\\app\\public/sistema informático para la gestión de mesas y comandas.pdf','sistema informático para la gestión de mesas y comandas.pdf','2019-11-13 19:36:19','2019-11-13 15:36:19',NULL),(6,NULL,'AUDITANDO','SIN VISADO',70,3,'RESTAURACION DE TECHO EN EL CIEY','NADA QUE ACOTAR',NULL,'C:\\Users\\Luis\\Desktop\\18-10\\EL que tal\\sisol\\storage\\app\\public/Qué es el estilo de párrafo.docx','Qué es el estilo de párrafo.docx','2019-11-06 19:36:16','2019-11-06 19:36:16',NULL),(7,NULL,'APROBADO','CON VISADO',68,5,'BANO PARA HABITACION DE DAVID','EN PROCESO','APROVADO POR FONDO SUFICIENTES','C:\\Users\\Luis\\Desktop\\18-10\\EL que tal\\sisol\\storage\\app\\public/sistema informático para la gestión de mesas y comandas.pdf','sistema informático para la gestión de mesas y comandas.pdf','2019-11-13 19:45:10','2019-11-13 15:45:10',NULL),(8,NULL,'APROBADO','SIN VISADO',68,3,'REMODELACION DE CUARTO A DAVID','EN PROCESO DE PAGO','SIN OBSERVACION','C:\\Users\\Luis\\Desktop\\18-10\\EL que tal\\sisol\\storage\\app\\public/sistema informático para la gestión de mesas y comandas.pdf','sistema informático para la gestión de mesas y comandas.pdf','2019-11-13 15:44:27','2019-11-13 15:44:27',NULL),(9,NULL,'AUDITANDO','SIN VISADO',68,3,'PRUEBA DE ESTADO','OBSERVACION',NULL,'C:\\Users\\Luis\\Desktop\\18-10\\EL que tal\\sisol\\storage\\app\\public/sistema informático para la gestión de mesas y comandas.pdf','sistema informático para la gestión de mesas y comandas.pdf','2019-11-13 19:46:47','2019-11-13 19:46:47',NULL);
/*!40000 ALTER TABLE `auditoria` ENABLE KEYS */;
UNLOCK TABLES;
DROP TABLE IF EXISTS `auditoria_plano`;
/*!40101 SET @saved_cs_client     = @@character_set_client */;
/*!40101 SET character_set_client = utf8 */;
CREATE TABLE `auditoria_plano` (
  `id` int(11) NOT NULL AUTO_INCREMENT,
  `auditoria_id` int(11) NOT NULL,
  `plano_id` int(11) NOT NULL,
  `deleted_at` timestamp NULL DEFAULT CURRENT_TIMESTAMP ON UPDATE CURRENT_TIMESTAMP,
  `created_at` timestamp NULL DEFAULT CURRENT_TIMESTAMP ON UPDATE CURRENT_TIMESTAMP,
  `updated_at` timestamp NULL DEFAULT CURRENT_TIMESTAMP ON UPDATE CURRENT_TIMESTAMP,
  PRIMARY KEY (`id`),
  UNIQUE KEY `plano_id` (`plano_id`),
  KEY `auditoria_id` (`auditoria_id`),
  CONSTRAINT `auditoria_plano_ibfk_1` FOREIGN KEY (`auditoria_id`) REFERENCES `auditoria` (`id`),
  CONSTRAINT `auditoria_plano_ibfk_2` FOREIGN KEY (`plano_id`) REFERENCES `plano` (`id`)
) ENGINE=InnoDB DEFAULT CHARSET=latin1;
/*!40101 SET character_set_client = @saved_cs_client */;

LOCK TABLES `auditoria_plano` WRITE;
/*!40000 ALTER TABLE `auditoria_plano` DISABLE KEYS */;
/*!40000 ALTER TABLE `auditoria_plano` ENABLE KEYS */;
UNLOCK TABLES;
DROP TABLE IF EXISTS `banco`;
/*!40101 SET @saved_cs_client     = @@character_set_client */;
/*!40101 SET character_set_client = utf8 */;
CREATE TABLE `banco` (
  `id` int(11) NOT NULL AUTO_INCREMENT,
  `nombre` varchar(150) NOT NULL,
  `created_at` timestamp NULL DEFAULT NULL,
  `updated_at` timestamp NULL DEFAULT NULL,
  `deleted_at` timestamp NULL DEFAULT NULL,
  PRIMARY KEY (`id`)
) ENGINE=InnoDB AUTO_INCREMENT=13 DEFAULT CHARSET=latin1;
/*!40101 SET character_set_client = @saved_cs_client */;

LOCK TABLES `banco` WRITE;
/*!40000 ALTER TABLE `banco` DISABLE KEYS */;
INSERT INTO `banco` VALUES (1,'BANCO DE VENEZUELA','2019-06-15 03:05:51','2019-06-15 03:05:51',NULL),(2,'BANCO BANESCO','2019-06-15 03:06:05','2019-06-15 03:06:05',NULL),(3,'BANCO DEL SANTO','2019-06-15 03:06:16','2019-06-15 03:09:22','2019-06-15 03:09:22'),(4,'BANCO PROVINCIAL','2019-07-09 23:24:50','2019-07-09 23:24:50',NULL),(5,'BANCO VENEZOLANO DE CREDITO','2019-07-09 23:25:10','2019-07-09 23:25:10',NULL),(6,'BANCO NACIONAL DE CREDITO','2019-07-09 23:25:27','2019-07-09 23:25:27',NULL),(7,'BANCO MERCANTIL','2019-07-09 23:25:42','2019-07-09 23:25:42',NULL),(8,'BANCO FONDO COMUN','2019-07-09 23:25:59','2019-07-09 23:25:59',NULL),(9,'BANCO DEL TESORO','2019-07-09 23:26:23','2019-07-09 23:26:23',NULL),(10,'BANCO BICENTENARIO','2019-07-09 23:26:38','2019-07-09 23:26:38',NULL),(11,'BANCO EXTERIOR','2019-07-09 23:27:14','2019-07-09 23:27:14',NULL),(12,'BANCARIBE','2019-07-09 23:27:33','2019-07-09 23:27:33',NULL);
/*!40000 ALTER TABLE `banco` ENABLE KEYS */;
UNLOCK TABLES;
DROP TABLE IF EXISTS `bitacora`;
/*!40101 SET @saved_cs_client     = @@character_set_client */;
/*!40101 SET character_set_client = utf8 */;
CREATE TABLE `bitacora` (
  `id` int(10) NOT NULL AUTO_INCREMENT,
  `accion` varchar(20) NOT NULL,
  `fecha_hora` timestamp NOT NULL DEFAULT CURRENT_TIMESTAMP ON UPDATE CURRENT_TIMESTAMP,
  `tabla` varchar(30) NOT NULL,
  `usuario_id` int(10) DEFAULT NULL,
  `deleted_at` timestamp NULL DEFAULT NULL ON UPDATE CURRENT_TIMESTAMP,
  `created_at` timestamp NULL DEFAULT CURRENT_TIMESTAMP ON UPDATE CURRENT_TIMESTAMP,
  `updated_at` timestamp NULL DEFAULT CURRENT_TIMESTAMP ON UPDATE CURRENT_TIMESTAMP,
  PRIMARY KEY (`id`),
  KEY `usuario_id` (`usuario_id`),
  CONSTRAINT `bitacora_ibfk_1` FOREIGN KEY (`usuario_id`) REFERENCES `usuario` (`id`)
) ENGINE=InnoDB AUTO_INCREMENT=583 DEFAULT CHARSET=latin1;
/*!40101 SET character_set_client = @saved_cs_client */;

LOCK TABLES `bitacora` WRITE;
/*!40000 ALTER TABLE `bitacora` DISABLE KEYS */;
INSERT INTO `bitacora` VALUES (1,'INSERT','2019-05-03 06:45:10','especialidad',NULL,'2019-05-03 06:45:10','2019-05-03 06:45:10','2019-05-03 06:45:10'),(2,'INSERT','2019-05-03 06:49:52','ESPECIALIDAD',NULL,'2019-05-03 06:49:52','2019-05-03 06:49:52','2019-05-03 06:49:52'),(3,'UPDATE','2019-05-03 06:51:10','ESPECIALIDAD',NULL,NULL,'2019-05-03 06:51:10','2019-05-03 06:51:10'),(4,'DELETE','2019-05-03 06:52:29','ESPECIALIDAD',NULL,NULL,'2019-05-03 06:52:29','2019-05-03 06:52:29'),(5,'INSERT','2019-05-03 06:55:13','ESPECIALIDAD',NULL,NULL,'2019-05-03 06:55:13','2019-05-03 06:55:13'),(6,'UPDATE','2019-05-03 06:55:43','ESPECIALIDAD',NULL,NULL,'2019-05-03 06:55:43','2019-05-03 06:55:43'),(7,'UPDATE','2019-05-03 06:55:56','ESPECIALIDAD',NULL,NULL,'2019-05-03 06:55:56','2019-05-03 06:55:56'),(8,'INSERT','2019-05-03 07:20:21','ESPECIALIDAD',NULL,NULL,'2019-05-03 07:20:21','2019-05-03 07:20:21'),(9,'INSERT','2019-05-03 07:53:41','AGREMIADO',NULL,NULL,'2019-05-03 07:53:41','2019-05-03 07:53:41'),(10,'INSERT','2019-05-03 07:53:41','PERSONA',NULL,NULL,'2019-05-03 07:53:41','2019-05-03 07:53:41'),(11,'DELETE','2019-05-03 11:03:40','ESPECIALIDAD',NULL,NULL,'2019-05-03 11:03:40','2019-05-03 11:03:40'),(12,'DELETE','2019-05-03 11:03:40','ESPECIALIDAD',NULL,NULL,'2019-05-03 11:03:40','2019-05-03 11:03:40'),(13,'DELETE','2019-05-03 11:03:40','ESPECIALIDAD',NULL,NULL,'2019-05-03 11:03:40','2019-05-03 11:03:40'),(14,'DELETE','2019-05-03 11:03:40','ESPECIALIDAD',NULL,NULL,'2019-05-03 11:03:40','2019-05-03 11:03:40'),(15,'DELETE','2019-05-03 11:03:40','ESPECIALIDAD',NULL,NULL,'2019-05-03 11:03:40','2019-05-03 11:03:40'),(16,'DELETE','2019-05-03 11:03:40','ESPECIALIDAD',NULL,NULL,'2019-05-03 11:03:40','2019-05-03 11:03:40'),(17,'INSERT','2019-05-03 12:31:32','USERS',NULL,NULL,'2019-05-03 12:31:32','2019-05-03 12:31:32'),(18,'DELETE','2019-05-03 12:34:54','USERS',NULL,NULL,'2019-05-03 12:34:54','2019-05-03 12:34:54'),(19,'DELETE','2019-05-03 12:34:55','USERS',NULL,NULL,'2019-05-03 12:34:55','2019-05-03 12:34:55'),(20,'DELETE','2019-05-03 12:34:55','USERS',NULL,NULL,'2019-05-03 12:34:55','2019-05-03 12:34:55'),(21,'DELETE','2019-05-03 12:34:55','USERS',NULL,NULL,'2019-05-03 12:34:55','2019-05-03 12:34:55'),(22,'DELETE','2019-05-03 12:34:55','USERS',NULL,NULL,'2019-05-03 12:34:55','2019-05-03 12:34:55'),(23,'UPDATE','2019-05-03 13:08:29','ESPECIALIDAD',NULL,NULL,'2019-05-03 13:08:29','2019-05-03 13:08:29'),(24,'INSERT','2019-05-03 13:09:07','ESPECIALIDAD',NULL,NULL,'2019-05-03 13:09:07','2019-05-03 13:09:07'),(25,'INSERT','2019-05-03 13:15:27','AGREMIADO',NULL,NULL,'2019-05-03 13:15:27','2019-05-03 13:15:27'),(26,'INSERT','2019-05-03 13:16:09','AGREMIADO',NULL,NULL,'2019-05-03 13:16:09','2019-05-03 13:16:09'),(27,'INSERT','2019-05-03 13:16:09','PERSONA',NULL,NULL,'2019-05-03 13:16:09','2019-05-03 13:16:09'),(28,'INSERT','2019-05-03 13:38:50','USERS',NULL,NULL,'2019-05-03 13:38:50','2019-05-03 13:38:50'),(29,'INSERT','2019-05-03 13:57:43','USERS',NULL,NULL,'2019-05-03 13:57:43','2019-05-03 13:57:43'),(30,'UPDATE','2019-05-03 13:58:34','ESPECIALIDAD',NULL,NULL,'2019-05-03 13:58:34','2019-05-03 13:58:34'),(31,'INSERT','2019-05-03 22:53:09','USERS',NULL,NULL,'2019-05-03 22:53:09','2019-05-03 22:53:09'),(32,'UPDATE','2019-05-03 22:55:06','ESPECIALIDAD',NULL,NULL,'2019-05-03 22:55:06','2019-05-03 22:55:06'),(33,'INSERT','2019-05-05 19:03:06','PARENTESCO',NULL,NULL,'2019-05-05 19:03:06','2019-05-05 19:03:06'),(34,'INSERT','2019-05-06 22:23:24','USERS',NULL,NULL,'2019-05-06 22:23:24','2019-05-06 22:23:24'),(35,'INSERT','2019-05-07 03:18:10','USERS',NULL,NULL,'2019-05-07 03:18:10','2019-05-07 03:18:10'),(36,'INSERT','2019-05-07 12:27:38','USERS',NULL,NULL,'2019-05-07 12:27:38','2019-05-07 12:27:38'),(37,'INSERT','2019-05-13 13:41:38','USERS',NULL,NULL,'2019-05-13 13:41:38','2019-05-13 13:41:38'),(38,'INSERT','2019-05-13 13:42:40','UNIVERSIDAD',NULL,NULL,'2019-05-13 13:42:40','2019-05-13 13:42:40'),(39,'DELETE','2019-05-13 13:52:48','ESPECIALIDAD',NULL,NULL,'2019-05-13 13:52:48','2019-05-13 13:52:48'),(40,'INSERT','2019-05-13 13:52:57','ESPECIALIDAD',NULL,NULL,'2019-05-13 13:52:57','2019-05-13 13:52:57'),(41,'INSERT','2019-05-13 15:33:39','USERS',NULL,NULL,'2019-05-13 15:33:39','2019-05-13 15:33:39'),(42,'INSERT','2019-05-13 16:10:05','AGREMIADO',NULL,NULL,'2019-05-13 16:10:05','2019-05-13 16:10:05'),(43,'INSERT','2019-05-13 16:10:05','PERSONA',NULL,NULL,'2019-05-13 16:10:05','2019-05-13 16:10:05'),(44,'UPDATE','2019-05-13 16:12:37','TARIFA',NULL,NULL,'2019-05-13 16:12:37','2019-05-13 16:12:37'),(45,'INSERT','2019-05-20 17:37:07','INSTITUTO',NULL,NULL,'2019-05-20 17:37:07','2019-05-20 17:37:07'),(46,'INSERT','2019-05-24 15:41:38','INSTITUTO',NULL,NULL,'2019-05-24 15:41:38','2019-05-24 15:41:38'),(47,'INSERT','2019-05-28 16:56:48','ESPECIALIDAD',NULL,NULL,'2019-05-28 16:56:48','2019-05-28 16:56:48'),(48,'UPDATE','2019-05-28 16:57:55','ESPECIALIDAD',NULL,NULL,'2019-05-28 16:57:55','2019-05-28 16:57:55'),(49,'UPDATE','2019-05-28 16:58:15','ESPECIALIDAD',NULL,NULL,'2019-05-28 16:58:15','2019-05-28 16:58:15'),(50,'UPDATE','2019-05-28 16:59:37','USERS',NULL,NULL,'2019-05-28 16:59:37','2019-05-28 16:59:37'),(51,'UPDATE','2019-05-28 17:00:19','USERS',NULL,NULL,'2019-05-28 17:00:19','2019-05-28 17:00:19'),(52,'DELETE','2019-05-28 17:00:41','INSTITUTO',NULL,NULL,'2019-05-28 17:00:41','2019-05-28 17:00:41'),(53,'DELETE','2019-05-28 17:00:41','INSTITUTO',NULL,NULL,'2019-05-28 17:00:41','2019-05-28 17:00:41'),(54,'DELETE','2019-05-28 17:00:41','INSTITUTO',NULL,NULL,'2019-05-28 17:00:41','2019-05-28 17:00:41'),(55,'DELETE','2019-05-28 17:00:41','INSTITUTO',NULL,NULL,'2019-05-28 17:00:41','2019-05-28 17:00:41'),(56,'DELETE','2019-05-28 17:00:41','INSTITUTO',NULL,NULL,'2019-05-28 17:00:41','2019-05-28 17:00:41'),(57,'DELETE','2019-05-28 17:01:20','ESPECIALIDAD',NULL,NULL,'2019-05-28 17:01:20','2019-05-28 17:01:20'),(58,'DELETE','2019-05-28 17:01:24','ESPECIALIDAD',NULL,NULL,'2019-05-28 17:01:24','2019-05-28 17:01:24'),(59,'INSERT','2019-05-28 17:04:43','ESPECIALIDAD',NULL,NULL,'2019-05-28 17:04:43','2019-05-28 17:04:43'),(60,'INSERT','2019-05-28 17:08:32','AGREMIADO',NULL,NULL,'2019-05-28 17:08:32','2019-05-28 17:08:32'),(61,'DELETE','2019-05-28 17:10:46','PERSONA',NULL,NULL,'2019-05-28 17:10:46','2019-05-28 17:10:46'),(62,'DELETE','2019-05-28 17:10:49','PERSONA',NULL,NULL,'2019-05-28 17:10:49','2019-05-28 17:10:49'),(63,'DELETE','2019-05-28 17:10:54','PERSONA',NULL,NULL,'2019-05-28 17:10:54','2019-05-28 17:10:54'),(64,'DELETE','2019-05-28 17:11:15','PERSONA',NULL,NULL,'2019-05-28 17:11:15','2019-05-28 17:11:15'),(65,'DELETE','2019-05-28 17:11:15','PERSONA',NULL,NULL,'2019-05-28 17:11:15','2019-05-28 17:11:15'),(66,'DELETE','2019-05-28 17:11:15','PERSONA',NULL,NULL,'2019-05-28 17:11:15','2019-05-28 17:11:15'),(67,'DELETE','2019-05-28 17:11:15','PERSONA',NULL,NULL,'2019-05-28 17:11:15','2019-05-28 17:11:15'),(68,'DELETE','2019-05-28 17:11:15','PERSONA',NULL,NULL,'2019-05-28 17:11:15','2019-05-28 17:11:15'),(69,'DELETE','2019-05-28 17:11:15','PERSONA',NULL,NULL,'2019-05-28 17:11:15','2019-05-28 17:11:15'),(70,'DELETE','2019-05-28 17:11:15','PERSONA',NULL,NULL,'2019-05-28 17:11:15','2019-05-28 17:11:15'),(71,'DELETE','2019-05-28 17:11:15','PERSONA',NULL,NULL,'2019-05-28 17:11:15','2019-05-28 17:11:15'),(72,'DELETE','2019-05-28 17:11:15','PERSONA',NULL,NULL,'2019-05-28 17:11:15','2019-05-28 17:11:15'),(73,'DELETE','2019-05-28 17:11:15','PERSONA',NULL,NULL,'2019-05-28 17:11:15','2019-05-28 17:11:15'),(74,'DELETE','2019-05-28 17:11:15','PERSONA',NULL,NULL,'2019-05-28 17:11:15','2019-05-28 17:11:15'),(75,'DELETE','2019-05-28 17:11:15','PERSONA',NULL,NULL,'2019-05-28 17:11:15','2019-05-28 17:11:15'),(76,'DELETE','2019-05-28 17:12:21','PERSONA',NULL,NULL,'2019-05-28 17:12:21','2019-05-28 17:12:21'),(77,'INSERT','2019-05-28 17:13:27','AGREMIADO',NULL,NULL,'2019-05-28 17:13:27','2019-05-28 17:13:27'),(78,'INSERT','2019-05-28 17:14:03','AGREMIADO',NULL,NULL,'2019-05-28 17:14:03','2019-05-28 17:14:03'),(79,'INSERT','2019-05-28 17:14:46','AGREMIADO',NULL,NULL,'2019-05-28 17:14:46','2019-05-28 17:14:46'),(80,'INSERT','2019-05-28 17:14:53','AGREMIADO',NULL,NULL,'2019-05-28 17:14:53','2019-05-28 17:14:53'),(81,'INSERT','2019-05-28 17:15:03','AGREMIADO',NULL,NULL,'2019-05-28 17:15:03','2019-05-28 17:15:03'),(82,'INSERT','2019-05-28 17:15:12','AGREMIADO',NULL,NULL,'2019-05-28 17:15:12','2019-05-28 17:15:12'),(83,'INSERT','2019-05-28 17:15:35','AGREMIADO',NULL,NULL,'2019-05-28 17:15:35','2019-05-28 17:15:35'),(84,'INSERT','2019-05-28 17:15:49','AGREMIADO',NULL,NULL,'2019-05-28 17:15:49','2019-05-28 17:15:49'),(85,'INSERT','2019-05-28 17:16:18','AGREMIADO',NULL,NULL,'2019-05-28 17:16:18','2019-05-28 17:16:18'),(86,'UPDATE','2019-05-28 17:18:34','AGREMIADO',NULL,NULL,'2019-05-28 17:18:34','2019-05-28 17:18:34'),(87,'INSERT','2019-05-28 17:20:35','AGREMIADO',NULL,NULL,'2019-05-28 17:20:35','2019-05-28 17:20:35'),(88,'INSERT','2019-05-28 17:21:33','AGREMIADO',NULL,NULL,'2019-05-28 17:21:33','2019-05-28 17:21:33'),(89,'INSERT','2019-05-28 17:21:33','PERSONA',NULL,NULL,'2019-05-28 17:21:33','2019-05-28 17:21:33'),(90,'INSERT','2019-05-28 17:22:47','AGREMIADO',NULL,NULL,'2019-05-28 17:22:47','2019-05-28 17:22:47'),(91,'INSERT','2019-05-28 17:23:29','AGREMIADO',NULL,NULL,'2019-05-28 17:23:29','2019-05-28 17:23:29'),(92,'INSERT','2019-05-28 17:23:39','AGREMIADO',NULL,NULL,'2019-05-28 17:23:39','2019-05-28 17:23:39'),(93,'INSERT','2019-05-28 17:23:40','PERSONA',NULL,NULL,'2019-05-28 17:23:40','2019-05-28 17:23:40'),(94,'UPDATE','2019-05-28 17:23:46','AGREMIADO',NULL,NULL,'2019-05-28 17:23:46','2019-05-28 17:23:46'),(95,'INSERT','2019-05-28 17:26:39','AGREMIADO',NULL,NULL,'2019-05-28 17:26:39','2019-05-28 17:26:39'),(96,'INSERT','2019-05-28 17:26:39','PERSONA',NULL,NULL,'2019-05-28 17:26:39','2019-05-28 17:26:39'),(97,'INSERT','2019-05-28 17:55:44','ESPECIALIDAD',NULL,NULL,'2019-05-28 17:55:44','2019-05-28 17:55:44'),(98,'INSERT','2019-05-28 17:59:04','AGREMIADO',NULL,NULL,'2019-05-28 17:59:04','2019-05-28 17:59:04'),(99,'INSERT','2019-05-28 17:59:14','AGREMIADO',NULL,NULL,'2019-05-28 17:59:14','2019-05-28 17:59:14'),(100,'INSERT','2019-05-28 17:59:14','PERSONA',NULL,NULL,'2019-05-28 17:59:14','2019-05-28 17:59:14'),(101,'INSERT','2019-05-28 18:02:17','TARIFA',NULL,NULL,'2019-05-28 18:02:17','2019-05-28 18:02:17'),(102,'INSERT','2019-05-28 18:28:45','INSTRUMENTO',NULL,NULL,'2019-05-28 18:28:45','2019-05-28 18:28:45'),(103,'INSERT','2019-05-28 19:38:24','USERS',NULL,NULL,'2019-05-28 19:38:24','2019-05-28 19:38:24'),(104,'INSERT','2019-05-29 14:14:04','AGREMIADO',NULL,NULL,'2019-05-29 14:14:04','2019-05-29 14:14:04'),(105,'INSERT','2019-05-29 14:14:23','AGREMIADO',NULL,NULL,'2019-05-29 14:14:23','2019-05-29 14:14:23'),(106,'INSERT','2019-05-29 14:14:23','PERSONA',NULL,NULL,'2019-05-29 14:14:23','2019-05-29 14:14:23'),(107,'INSERT','2019-05-29 14:16:47','AGREMIADO',NULL,NULL,'2019-05-29 14:16:47','2019-05-29 14:16:47'),(108,'INSERT','2019-05-29 14:16:47','PERSONA',NULL,NULL,'2019-05-29 14:16:47','2019-05-29 14:16:47'),(109,'INSERT','2019-05-30 17:11:13','USERS',NULL,NULL,'2019-05-30 17:11:13','2019-05-30 17:11:13'),(110,'INSERT','2019-05-30 23:05:14','USERS',NULL,NULL,'2019-05-30 23:05:14','2019-05-30 23:05:14'),(111,'UPDATE','2019-05-30 23:20:58','INSTITUTO',NULL,NULL,'2019-05-30 23:20:58','2019-05-30 23:20:58'),(112,'UPDATE','2019-05-30 23:21:04','INSTITUTO',NULL,NULL,'2019-05-30 23:21:04','2019-05-30 23:21:04'),(113,'UPDATE','2019-05-30 23:21:10','INSTITUTO',NULL,NULL,'2019-05-30 23:21:10','2019-05-30 23:21:10'),(121,'UPDATE','2019-05-31 02:08:46','INSTITUTO',NULL,NULL,'2019-05-31 02:08:46','2019-05-31 02:08:46'),(122,'UPDATE','2019-05-31 02:09:24','INSTITUTO',NULL,NULL,'2019-05-31 02:09:24','2019-05-31 02:09:24'),(123,'DELETE','2019-05-31 02:09:24','INSTITUTO',NULL,NULL,'2019-05-31 02:09:24','2019-05-31 02:09:24'),(124,'DELETE','2019-05-31 02:12:01','INSTITUTO',NULL,NULL,'2019-05-31 02:12:01','2019-05-31 02:12:01'),(125,'UPDATE','2019-05-31 02:12:48','INSTITUTO',NULL,NULL,'2019-05-31 02:12:48','2019-05-31 02:12:48'),(126,'INSERT','2019-05-31 12:53:00','USERS',NULL,NULL,'2019-05-31 12:53:00','2019-05-31 12:53:00'),(127,'INSERT','2019-05-31 13:29:26','INSTITUTO',NULL,NULL,'2019-05-31 13:29:26','2019-05-31 13:29:26'),(128,'UPDATE','2019-05-31 13:29:41','INSTITUTO',NULL,NULL,'2019-05-31 13:29:41','2019-05-31 13:29:41'),(129,'DELETE','2019-05-31 13:29:44','INSTITUTO',NULL,NULL,'2019-05-31 13:29:44','2019-05-31 13:29:44'),(130,'INSERT','2019-06-07 13:31:54','USERS',NULL,NULL,'2019-06-07 13:31:54','2019-06-07 13:31:54'),(131,'INSERT','2019-06-07 18:50:38','AGREMIADO',NULL,NULL,'2019-06-07 18:50:38','2019-06-07 18:50:38'),(132,'INSERT','2019-06-07 18:50:39','PERSONA',NULL,NULL,'2019-06-07 18:50:39','2019-06-07 18:50:39'),(133,'INSERT','2019-06-07 18:56:13','USERS',NULL,NULL,'2019-06-07 18:56:13','2019-06-07 18:56:13'),(134,'INSERT','2019-06-07 18:57:08','AGREMIADO',NULL,NULL,'2019-06-07 18:57:08','2019-06-07 18:57:08'),(135,'INSERT','2019-06-07 18:57:08','PERSONA',NULL,NULL,'2019-06-07 18:57:08','2019-06-07 18:57:08'),(136,'UPDATE','2019-06-07 19:06:14','PERSONA',NULL,NULL,'2019-06-07 19:06:14','2019-06-07 19:06:14'),(137,'UPDATE','2019-06-07 19:07:13','PERSONA',NULL,NULL,'2019-06-07 19:07:13','2019-06-07 19:07:13'),(138,'UPDATE','2019-06-08 03:50:31','PERSONA',NULL,NULL,'2019-06-08 03:50:31','2019-06-08 03:50:31'),(139,'UPDATE','2019-06-08 03:54:05','PERSONA',NULL,NULL,'2019-06-08 03:54:05','2019-06-08 03:54:05'),(140,'UPDATE','2019-06-08 03:56:25','PERSONA',NULL,NULL,'2019-06-08 03:56:25','2019-06-08 03:56:25'),(141,'UPDATE','2019-06-08 03:58:06','PERSONA',NULL,NULL,'2019-06-08 03:58:06','2019-06-08 03:58:06'),(142,'UPDATE','2019-06-08 04:02:24','AGREMIADO',NULL,NULL,'2019-06-08 04:02:24','2019-06-08 04:02:24'),(143,'UPDATE','2019-06-08 04:02:25','PERSONA',NULL,NULL,'2019-06-08 04:02:25','2019-06-08 04:02:25'),(144,'UPDATE','2019-06-08 04:04:04','PERSONA',NULL,NULL,'2019-06-08 04:04:04','2019-06-08 04:04:04'),(145,'UPDATE','2019-06-08 04:04:47','PERSONA',NULL,NULL,'2019-06-08 04:04:47','2019-06-08 04:04:47'),(146,'UPDATE','2019-06-08 04:10:30','AGREMIADO',NULL,NULL,'2019-06-08 04:10:30','2019-06-08 04:10:30'),(147,'UPDATE','2019-06-08 04:13:10','AGREMIADO',NULL,NULL,'2019-06-08 04:13:10','2019-06-08 04:13:10'),(148,'UPDATE','2019-06-08 04:25:53','PERSONA',NULL,NULL,'2019-06-08 04:25:53','2019-06-08 04:25:53'),(149,'UPDATE','2019-06-08 04:26:18','PERSONA',NULL,NULL,'2019-06-08 04:26:18','2019-06-08 04:26:18'),(150,'UPDATE','2019-06-08 04:37:13','PERSONA',NULL,NULL,'2019-06-08 04:37:13','2019-06-08 04:37:13'),(151,'UPDATE','2019-06-08 04:38:36','PERSONA',NULL,NULL,'2019-06-08 04:38:36','2019-06-08 04:38:36'),(152,'UPDATE','2019-06-08 04:38:53','PERSONA',NULL,NULL,'2019-06-08 04:38:53','2019-06-08 04:38:53'),(153,'UPDATE','2019-06-08 04:38:58','PERSONA',NULL,NULL,'2019-06-08 04:38:58','2019-06-08 04:38:58'),(154,'UPDATE','2019-06-08 04:39:05','PERSONA',NULL,NULL,'2019-06-08 04:39:05','2019-06-08 04:39:05'),(155,'UPDATE','2019-06-08 04:39:10','PERSONA',NULL,NULL,'2019-06-08 04:39:10','2019-06-08 04:39:10'),(156,'UPDATE','2019-06-08 04:43:32','PERSONA',NULL,NULL,'2019-06-08 04:43:32','2019-06-08 04:43:32'),(157,'UPDATE','2019-06-08 04:44:55','PERSONA',NULL,NULL,'2019-06-08 04:44:55','2019-06-08 04:44:55'),(158,'UPDATE','2019-06-08 16:03:37','PERSONA',NULL,NULL,'2019-06-08 16:03:37','2019-06-08 16:03:37'),(159,'UPDATE','2019-06-08 16:05:15','PERSONA',NULL,NULL,'2019-06-08 16:05:15','2019-06-08 16:05:15'),(160,'UPDATE','2019-06-08 16:18:30','PERSONA',NULL,NULL,'2019-06-08 16:18:30','2019-06-08 16:18:30'),(161,'UPDATE','2019-06-08 16:18:52','PERSONA',NULL,NULL,'2019-06-08 16:18:52','2019-06-08 16:18:52'),(162,'UPDATE','2019-06-08 16:19:39','PERSONA',NULL,NULL,'2019-06-08 16:19:39','2019-06-08 16:19:39'),(163,'UPDATE','2019-06-08 16:19:45','PERSONA',NULL,NULL,'2019-06-08 16:19:45','2019-06-08 16:19:45'),(164,'UPDATE','2019-06-08 16:19:54','PERSONA',NULL,NULL,'2019-06-08 16:19:54','2019-06-08 16:19:54'),(165,'UPDATE','2019-06-08 16:20:00','PERSONA',NULL,NULL,'2019-06-08 16:20:00','2019-06-08 16:20:00'),(166,'UPDATE','2019-06-08 16:20:04','PERSONA',NULL,NULL,'2019-06-08 16:20:04','2019-06-08 16:20:04'),(167,'UPDATE','2019-06-08 16:20:13','PERSONA',NULL,NULL,'2019-06-08 16:20:13','2019-06-08 16:20:13'),(168,'UPDATE','2019-06-08 16:20:34','PERSONA',NULL,NULL,'2019-06-08 16:20:34','2019-06-08 16:20:34'),(169,'UPDATE','2019-06-08 16:31:57','PERSONA',NULL,NULL,'2019-06-08 16:31:57','2019-06-08 16:31:57'),(170,'UPDATE','2019-06-08 16:32:22','PERSONA',NULL,NULL,'2019-06-08 16:32:22','2019-06-08 16:32:22'),(171,'UPDATE','2019-06-08 16:35:34','PERSONA',NULL,NULL,'2019-06-08 16:35:34','2019-06-08 16:35:34'),(172,'UPDATE','2019-06-08 16:36:57','PERSONA',NULL,NULL,'2019-06-08 16:36:57','2019-06-08 16:36:57'),(173,'UPDATE','2019-06-08 16:38:31','PERSONA',NULL,NULL,'2019-06-08 16:38:31','2019-06-08 16:38:31'),(174,'INSERT','2019-06-08 16:46:15','AGREMIADO',NULL,NULL,'2019-06-08 16:46:15','2019-06-08 16:46:15'),(175,'INSERT','2019-06-08 16:46:15','PERSONA',NULL,NULL,'2019-06-08 16:46:15','2019-06-08 16:46:15'),(176,'UPDATE','2019-06-08 16:47:44','PERSONA',NULL,NULL,'2019-06-08 16:47:44','2019-06-08 16:47:44'),(177,'INSERT','2019-06-08 17:02:40','AGREMIADO',NULL,NULL,'2019-06-08 17:02:40','2019-06-08 17:02:40'),(178,'INSERT','2019-06-08 17:02:40','PERSONA',NULL,NULL,'2019-06-08 17:02:40','2019-06-08 17:02:40'),(179,'UPDATE','2019-06-08 17:05:01','PERSONA',NULL,NULL,'2019-06-08 17:05:01','2019-06-08 17:05:01'),(180,'UPDATE','2019-06-08 17:05:56','PERSONA',NULL,NULL,'2019-06-08 17:05:56','2019-06-08 17:05:56'),(181,'UPDATE','2019-06-08 17:16:14','AGREMIADO',NULL,NULL,'2019-06-08 17:16:14','2019-06-08 17:16:14'),(182,'UPDATE','2019-06-08 17:16:14','PERSONA',NULL,NULL,'2019-06-08 17:16:14','2019-06-08 17:16:14'),(183,'UPDATE','2019-06-08 17:19:40','PERSONA',NULL,NULL,'2019-06-08 17:19:40','2019-06-08 17:19:40'),(184,'UPDATE','2019-06-08 17:19:55','PERSONA',NULL,NULL,'2019-06-08 17:19:55','2019-06-08 17:19:55'),(185,'UPDATE','2019-06-08 17:20:12','PERSONA',NULL,NULL,'2019-06-08 17:20:12','2019-06-08 17:20:12'),(186,'UPDATE','2019-06-08 17:20:17','PERSONA',NULL,NULL,'2019-06-08 17:20:17','2019-06-08 17:20:17'),(187,'UPDATE','2019-06-08 17:20:21','PERSONA',NULL,NULL,'2019-06-08 17:20:21','2019-06-08 17:20:21'),(188,'UPDATE','2019-06-08 17:20:25','PERSONA',NULL,NULL,'2019-06-08 17:20:25','2019-06-08 17:20:25'),(189,'UPDATE','2019-06-08 17:23:14','PERSONA',NULL,NULL,'2019-06-08 17:23:14','2019-06-08 17:23:14'),(190,'UPDATE','2019-06-08 17:35:47','PERSONA',NULL,NULL,'2019-06-08 17:35:47','2019-06-08 17:35:47'),(191,'UPDATE','2019-06-08 17:36:06','PERSONA',NULL,NULL,'2019-06-08 17:36:06','2019-06-08 17:36:06'),(192,'UPDATE','2019-06-08 17:37:29','PERSONA',NULL,NULL,'2019-06-08 17:37:29','2019-06-08 17:37:29'),(193,'UPDATE','2019-06-08 17:38:03','PERSONA',NULL,NULL,'2019-06-08 17:38:03','2019-06-08 17:38:03'),(194,'UPDATE','2019-06-08 17:39:56','PERSONA',NULL,NULL,'2019-06-08 17:39:56','2019-06-08 17:39:56'),(195,'UPDATE','2019-06-08 17:40:01','PERSONA',NULL,NULL,'2019-06-08 17:40:01','2019-06-08 17:40:01'),(196,'UPDATE','2019-06-08 17:40:05','PERSONA',NULL,NULL,'2019-06-08 17:40:05','2019-06-08 17:40:05'),(197,'UPDATE','2019-06-08 17:40:10','PERSONA',NULL,NULL,'2019-06-08 17:40:10','2019-06-08 17:40:10'),(198,'UPDATE','2019-06-08 17:42:26','PERSONA',NULL,NULL,'2019-06-08 17:42:26','2019-06-08 17:42:26'),(199,'UPDATE','2019-06-08 18:01:23','PERSONA',NULL,NULL,'2019-06-08 18:01:23','2019-06-08 18:01:23'),(200,'UPDATE','2019-06-08 18:08:47','PERSONA',NULL,NULL,'2019-06-08 18:08:47','2019-06-08 18:08:47'),(201,'UPDATE','2019-06-08 18:10:22','PERSONA',NULL,NULL,'2019-06-08 18:10:22','2019-06-08 18:10:22'),(202,'UPDATE','2019-06-08 18:19:10','PERSONA',NULL,NULL,'2019-06-08 18:19:10','2019-06-08 18:19:10'),(203,'UPDATE','2019-06-08 18:20:09','PERSONA',NULL,NULL,'2019-06-08 18:20:09','2019-06-08 18:20:09'),(204,'UPDATE','2019-06-08 18:23:41','PERSONA',NULL,NULL,'2019-06-08 18:23:41','2019-06-08 18:23:41'),(205,'UPDATE','2019-06-08 18:24:18','PERSONA',NULL,NULL,'2019-06-08 18:24:18','2019-06-08 18:24:18'),(206,'UPDATE','2019-06-08 18:28:08','AGREMIADO',NULL,NULL,'2019-06-08 18:28:08','2019-06-08 18:28:08'),(207,'UPDATE','2019-06-08 18:31:26','AGREMIADO',NULL,NULL,'2019-06-08 18:31:26','2019-06-08 18:31:26'),(208,'INSERT','2019-06-08 18:38:12','AGREMIADO',NULL,NULL,'2019-06-08 18:38:12','2019-06-08 18:38:12'),(209,'INSERT','2019-06-08 18:38:12','PERSONA',NULL,NULL,'2019-06-08 18:38:12','2019-06-08 18:38:12'),(210,'UPDATE','2019-06-08 19:23:30','AGREMIADO',NULL,NULL,'2019-06-08 19:23:30','2019-06-08 19:23:30'),(211,'UPDATE','2019-06-08 19:23:31','PERSONA',NULL,NULL,'2019-06-08 19:23:31','2019-06-08 19:23:31'),(212,'UPDATE','2019-06-08 19:25:27','AGREMIADO',NULL,NULL,'2019-06-08 19:25:27','2019-06-08 19:25:27'),(213,'UPDATE','2019-06-08 19:25:47','AGREMIADO',NULL,NULL,'2019-06-08 19:25:47','2019-06-08 19:25:47'),(214,'UPDATE','2019-06-08 19:27:18','AGREMIADO',NULL,NULL,'2019-06-08 19:27:18','2019-06-08 19:27:18'),(215,'UPDATE','2019-06-08 19:27:48','AGREMIADO',NULL,NULL,'2019-06-08 19:27:48','2019-06-08 19:27:48'),(216,'UPDATE','2019-06-08 20:08:45','PERSONA',NULL,NULL,'2019-06-08 20:08:45','2019-06-08 20:08:45'),(217,'UPDATE','2019-06-08 20:09:06','PERSONA',NULL,NULL,'2019-06-08 20:09:06','2019-06-08 20:09:06'),(218,'UPDATE','2019-06-08 20:10:18','AGREMIADO',NULL,NULL,'2019-06-08 20:10:18','2019-06-08 20:10:18'),(219,'UPDATE','2019-06-08 20:10:18','PERSONA',NULL,NULL,'2019-06-08 20:10:18','2019-06-08 20:10:18'),(220,'UPDATE','2019-06-08 20:11:22','AGREMIADO',NULL,NULL,'2019-06-08 20:11:22','2019-06-08 20:11:22'),(221,'UPDATE','2019-06-08 20:11:22','PERSONA',NULL,NULL,'2019-06-08 20:11:22','2019-06-08 20:11:22'),(222,'UPDATE','2019-06-08 21:28:42','AGREMIADO',NULL,NULL,'2019-06-08 21:28:42','2019-06-08 21:28:42'),(223,'UPDATE','2019-06-08 21:29:48','AGREMIADO',NULL,NULL,'2019-06-08 21:29:48','2019-06-08 21:29:48'),(224,'UPDATE','2019-06-08 21:32:04','AGREMIADO',NULL,NULL,'2019-06-08 21:32:04','2019-06-08 21:32:04'),(225,'UPDATE','2019-06-08 21:33:46','AGREMIADO',NULL,NULL,'2019-06-08 21:33:46','2019-06-08 21:33:46'),(226,'UPDATE','2019-06-08 21:34:33','AGREMIADO',NULL,NULL,'2019-06-08 21:34:33','2019-06-08 21:34:33'),(227,'UPDATE','2019-06-08 21:37:05','AGREMIADO',NULL,NULL,'2019-06-08 21:37:05','2019-06-08 21:37:05'),(228,'UPDATE','2019-06-08 21:37:10','AGREMIADO',NULL,NULL,'2019-06-08 21:37:10','2019-06-08 21:37:10'),(229,'UPDATE','2019-06-08 21:37:17','AGREMIADO',NULL,NULL,'2019-06-08 21:37:17','2019-06-08 21:37:17'),(230,'UPDATE','2019-06-08 21:37:22','AGREMIADO',NULL,NULL,'2019-06-08 21:37:22','2019-06-08 21:37:22'),(231,'UPDATE','2019-06-08 21:37:26','AGREMIADO',NULL,NULL,'2019-06-08 21:37:26','2019-06-08 21:37:26'),(232,'UPDATE','2019-06-08 21:47:27','AGREMIADO',NULL,NULL,'2019-06-08 21:47:27','2019-06-08 21:47:27'),(233,'UPDATE','2019-06-08 22:00:21','AGREMIADO',NULL,NULL,'2019-06-08 22:00:21','2019-06-08 22:00:21'),(234,'UPDATE','2019-06-08 22:00:52','AGREMIADO',NULL,NULL,'2019-06-08 22:00:52','2019-06-08 22:00:52'),(235,'INSERT','2019-06-08 22:04:56','AGREMIADO',NULL,NULL,'2019-06-08 22:04:56','2019-06-08 22:04:56'),(236,'INSERT','2019-06-08 22:04:57','PERSONA',NULL,NULL,'2019-06-08 22:04:57','2019-06-08 22:04:57'),(237,'UPDATE','2019-06-09 03:27:30','AGREMIADO',NULL,NULL,'2019-06-09 03:27:30','2019-06-09 03:27:30'),(238,'UPDATE','2019-06-09 03:47:03','ESPECIALIDAD',NULL,NULL,'2019-06-09 03:47:03','2019-06-09 03:47:03'),(239,'DELETE','2019-06-09 12:52:23','AGREMIADO',NULL,NULL,'2019-06-09 12:52:23','2019-06-09 12:52:23'),(240,'DELETE','2019-06-09 12:53:11','AGREMIADO',NULL,NULL,'2019-06-09 12:53:11','2019-06-09 12:53:11'),(241,'INSERT','2019-06-09 12:58:44','INSTRUMENTO',NULL,NULL,'2019-06-09 12:58:44','2019-06-09 12:58:44'),(242,'UPDATE','2019-06-09 12:58:51','INSTRUMENTO',NULL,NULL,'2019-06-09 12:58:51','2019-06-09 12:58:51'),(243,'INSERT','2019-06-10 14:54:07','AGREMIADO',NULL,NULL,'2019-06-10 14:54:07','2019-06-10 14:54:07'),(244,'INSERT','2019-06-10 14:54:07','PERSONA',NULL,NULL,'2019-06-10 14:54:07','2019-06-10 14:54:07'),(245,'INSERT','2019-06-10 14:54:57','AGREMIADO',NULL,NULL,'2019-06-10 14:54:57','2019-06-10 14:54:57'),(246,'INSERT','2019-06-10 14:54:58','PERSONA',NULL,NULL,'2019-06-10 14:54:58','2019-06-10 14:54:58'),(247,'INSERT','2019-06-10 14:56:05','AGREMIADO',NULL,NULL,'2019-06-10 14:56:05','2019-06-10 14:56:05'),(248,'INSERT','2019-06-10 14:56:05','PERSONA',NULL,NULL,'2019-06-10 14:56:05','2019-06-10 14:56:05'),(249,'INSERT','2019-06-10 14:56:26','AGREMIADO',NULL,NULL,'2019-06-10 14:56:26','2019-06-10 14:56:26'),(250,'INSERT','2019-06-10 14:56:26','PERSONA',NULL,NULL,'2019-06-10 14:56:26','2019-06-10 14:56:26'),(251,'INSERT','2019-06-10 14:57:06','AGREMIADO',NULL,NULL,'2019-06-10 14:57:06','2019-06-10 14:57:06'),(252,'INSERT','2019-06-10 14:57:06','PERSONA',NULL,NULL,'2019-06-10 14:57:06','2019-06-10 14:57:06'),(253,'INSERT','2019-06-10 14:57:52','AGREMIADO',NULL,NULL,'2019-06-10 14:57:52','2019-06-10 14:57:52'),(254,'INSERT','2019-06-10 14:57:52','PERSONA',NULL,NULL,'2019-06-10 14:57:52','2019-06-10 14:57:52'),(255,'INSERT','2019-06-10 14:59:31','AGREMIADO',NULL,NULL,'2019-06-10 14:59:31','2019-06-10 14:59:31'),(256,'INSERT','2019-06-10 14:59:31','PERSONA',NULL,NULL,'2019-06-10 14:59:31','2019-06-10 14:59:31'),(257,'INSERT','2019-06-10 14:59:48','AGREMIADO',NULL,NULL,'2019-06-10 14:59:48','2019-06-10 14:59:48'),(258,'INSERT','2019-06-10 14:59:48','PERSONA',NULL,NULL,'2019-06-10 14:59:48','2019-06-10 14:59:48'),(259,'INSERT','2019-06-10 20:42:00','USERS',NULL,NULL,'2019-06-10 20:42:00','2019-06-10 20:42:00'),(260,'UPDATE','2019-06-10 20:43:52','USERS',NULL,NULL,'2019-06-10 20:43:52','2019-06-10 20:43:52'),(261,'UPDATE','2019-06-10 20:43:58','USERS',NULL,NULL,'2019-06-10 20:43:58','2019-06-10 20:43:58'),(262,'UPDATE','2019-06-10 20:44:47','USERS',NULL,NULL,'2019-06-10 20:44:47','2019-06-10 20:44:47'),(263,'INSERT','2019-06-11 13:02:06','INSTRUMENTO',NULL,NULL,'2019-06-11 13:02:06','2019-06-11 13:02:06'),(264,'INSERT','2019-06-15 01:35:55','USERS',NULL,NULL,'2019-06-15 01:35:55','2019-06-15 01:35:55'),(265,'DELETE','2019-06-15 02:07:52','USERS',NULL,NULL,'2019-06-15 02:07:52','2019-06-15 02:07:52'),(266,'DELETE','2019-06-15 02:07:52','USERS',NULL,NULL,'2019-06-15 02:07:52','2019-06-15 02:07:52'),(267,'DELETE','2019-06-15 02:07:52','USERS',NULL,NULL,'2019-06-15 02:07:52','2019-06-15 02:07:52'),(268,'DELETE','2019-06-15 02:07:52','USERS',NULL,NULL,'2019-06-15 02:07:52','2019-06-15 02:07:52'),(269,'DELETE','2019-06-15 02:07:52','USERS',NULL,NULL,'2019-06-15 02:07:52','2019-06-15 02:07:52'),(270,'DELETE','2019-06-15 02:07:52','USERS',NULL,NULL,'2019-06-15 02:07:52','2019-06-15 02:07:52'),(271,'DELETE','2019-06-15 02:07:52','USERS',NULL,NULL,'2019-06-15 02:07:52','2019-06-15 02:07:52'),(272,'DELETE','2019-06-15 02:07:53','USERS',NULL,NULL,'2019-06-15 02:07:53','2019-06-15 02:07:53'),(273,'DELETE','2019-06-15 02:07:53','USERS',NULL,NULL,'2019-06-15 02:07:53','2019-06-15 02:07:53'),(274,'DELETE','2019-06-15 02:07:53','USERS',NULL,NULL,'2019-06-15 02:07:53','2019-06-15 02:07:53'),(275,'DELETE','2019-06-15 02:07:53','USERS',NULL,NULL,'2019-06-15 02:07:53','2019-06-15 02:07:53'),(276,'DELETE','2019-06-15 02:07:53','USERS',NULL,NULL,'2019-06-15 02:07:53','2019-06-15 02:07:53'),(277,'DELETE','2019-06-15 02:07:53','USERS',NULL,NULL,'2019-06-15 02:07:53','2019-06-15 02:07:53'),(278,'DELETE','2019-06-15 02:07:53','USERS',NULL,NULL,'2019-06-15 02:07:53','2019-06-15 02:07:53'),(279,'UPDATE','2019-06-15 03:19:48','USERS',NULL,NULL,'2019-06-15 03:19:48','2019-06-15 03:19:48'),(280,'UPDATE','2019-06-15 03:20:02','USERS',NULL,NULL,'2019-06-15 03:20:02','2019-06-15 03:20:02'),(281,'UPDATE','2019-06-15 03:20:44','USERS',NULL,NULL,'2019-06-15 03:20:44','2019-06-15 03:20:44'),(282,'UPDATE','2019-06-15 03:23:36','USERS',NULL,NULL,'2019-06-15 03:23:36','2019-06-15 03:23:36'),(283,'INSERT','2019-06-17 01:55:33','USERS',NULL,NULL,'2019-06-17 01:55:33','2019-06-17 01:55:33'),(284,'INSERT','2019-06-17 02:04:33','USERS',NULL,NULL,'2019-06-17 02:04:33','2019-06-17 02:04:33'),(285,'UPDATE','2019-06-17 02:04:51','USERS',NULL,NULL,'2019-06-17 02:04:51','2019-06-17 02:04:51'),(286,'INSERT','2019-06-17 02:05:10','USERS',NULL,NULL,'2019-06-17 02:05:10','2019-06-17 02:05:10'),(287,'UPDATE','2019-06-17 02:55:52','USERS',NULL,NULL,'2019-06-17 02:55:52','2019-06-17 02:55:52'),(288,'UPDATE','2019-06-17 03:35:17','USERS',NULL,NULL,'2019-06-17 03:35:17','2019-06-17 03:35:17'),(289,'DELETE','2019-06-17 05:18:02','PARENTESCO',NULL,NULL,'2019-06-17 05:18:02','2019-06-17 05:18:02'),(290,'INSERT','2019-06-17 05:18:06','PARENTESCO',NULL,NULL,'2019-06-17 05:18:06','2019-06-17 05:18:06'),(291,'INSERT','2019-06-21 01:52:32','ESPECIALIDAD',NULL,NULL,'2019-06-21 01:52:32','2019-06-21 01:52:32'),(292,'UPDATE','2019-06-21 01:53:25','ESPECIALIDAD',NULL,NULL,'2019-06-21 01:53:25','2019-06-21 01:53:25'),(293,'INSERT','2019-06-21 01:57:06','ESPECIALIDAD',NULL,NULL,'2019-06-21 01:57:06','2019-06-21 01:57:06'),(294,'DELETE','2019-06-21 02:01:06','ESPECIALIDAD',NULL,NULL,'2019-06-21 02:01:06','2019-06-21 02:01:06'),(295,'DELETE','2019-06-21 02:01:07','ESPECIALIDAD',NULL,NULL,'2019-06-21 02:01:07','2019-06-21 02:01:07'),(296,'INSERT','2019-06-21 02:01:39','ESPECIALIDAD',NULL,NULL,'2019-06-21 02:01:39','2019-06-21 02:01:39'),(297,'UPDATE','2019-06-21 02:02:12','ESPECIALIDAD',NULL,NULL,'2019-06-21 02:02:12','2019-06-21 02:02:12'),(298,'UPDATE','2019-06-21 02:02:28','ESPECIALIDAD',NULL,NULL,'2019-06-21 02:02:28','2019-06-21 02:02:28'),(299,'DELETE','2019-06-21 02:03:03','ESPECIALIDAD',NULL,NULL,'2019-06-21 02:03:03','2019-06-21 02:03:03'),(300,'DELETE','2019-06-21 02:03:22','ESPECIALIDAD',NULL,NULL,'2019-06-21 02:03:22','2019-06-21 02:03:22'),(301,'DELETE','2019-06-25 14:49:23','AGREMIADO',NULL,NULL,'2019-06-25 14:49:23','2019-06-25 14:49:23'),(302,'DELETE','2019-06-25 14:49:32','AGREMIADO',NULL,NULL,'2019-06-25 14:49:32','2019-06-25 14:49:32'),(303,'DELETE','2019-06-25 14:49:44','AGREMIADO',NULL,NULL,'2019-06-25 14:49:44','2019-06-25 14:49:44'),(304,'INSERT','2019-06-25 14:58:05','USERS',NULL,NULL,'2019-06-25 14:58:05','2019-06-25 14:58:05'),(305,'DELETE','2019-07-02 23:22:01','INSTITUTO',NULL,NULL,'2019-07-02 23:22:01','2019-07-02 23:22:01'),(306,'DELETE','2019-07-02 23:22:06','INSTITUTO',NULL,NULL,'2019-07-02 23:22:06','2019-07-02 23:22:06'),(307,'INSERT','2019-07-02 23:22:21','INSTITUTO',NULL,NULL,'2019-07-02 23:22:21','2019-07-02 23:22:21'),(308,'INSERT','2019-07-02 23:22:37','INSTITUTO',NULL,NULL,'2019-07-02 23:22:37','2019-07-02 23:22:37'),(309,'INSERT','2019-07-02 23:22:52','INSTITUTO',NULL,NULL,'2019-07-02 23:22:52','2019-07-02 23:22:52'),(310,'INSERT','2019-07-02 23:23:07','INSTITUTO',NULL,NULL,'2019-07-02 23:23:07','2019-07-02 23:23:07'),(311,'INSERT','2019-07-02 23:23:37','INSTITUTO',NULL,NULL,'2019-07-02 23:23:37','2019-07-02 23:23:37'),(312,'UPDATE','2019-07-03 13:42:07','ESPECIALIDAD',NULL,NULL,'2019-07-03 13:42:07','2019-07-03 13:42:07'),(313,'UPDATE','2019-07-03 13:42:58','ESPECIALIDAD',NULL,NULL,'2019-07-03 13:42:58','2019-07-03 13:42:58'),(314,'UPDATE','2019-07-03 13:55:40','ESPECIALIDAD',NULL,NULL,'2019-07-03 13:55:40','2019-07-03 13:55:40'),(315,'UPDATE','2019-07-03 13:56:00','ESPECIALIDAD',NULL,NULL,'2019-07-03 13:56:00','2019-07-03 13:56:00'),(316,'UPDATE','2019-07-09 13:33:50','USERS',NULL,NULL,'2019-07-09 13:33:50','2019-07-09 13:33:50'),(317,'UPDATE','2019-07-09 13:37:27','USERS',NULL,NULL,'2019-07-09 13:37:27','2019-07-09 13:37:27'),(318,'UPDATE','2019-07-09 13:37:36','USERS',NULL,NULL,'2019-07-09 13:37:36','2019-07-09 13:37:36'),(319,'INSERT','2019-07-09 13:38:57','USERS',NULL,NULL,'2019-07-09 13:38:57','2019-07-09 13:38:57'),(320,'UPDATE','2019-07-09 13:40:11','USERS',NULL,NULL,'2019-07-09 13:40:11','2019-07-09 13:40:11'),(321,'UPDATE','2019-07-09 14:06:01','USERS',NULL,NULL,'2019-07-09 14:06:01','2019-07-09 14:06:01'),(322,'UPDATE','2019-07-09 14:08:02','USERS',NULL,NULL,'2019-07-09 14:08:02','2019-07-09 14:08:02'),(323,'UPDATE','2019-07-09 14:08:33','USERS',NULL,NULL,'2019-07-09 14:08:33','2019-07-09 14:08:33'),(324,'UPDATE','2019-07-09 14:09:52','USERS',NULL,NULL,'2019-07-09 14:09:52','2019-07-09 14:09:52'),(325,'UPDATE','2019-07-09 14:13:10','USERS',NULL,NULL,'2019-07-09 14:13:10','2019-07-09 14:13:10'),(326,'INSERT','2019-07-09 18:56:24','MOTIVO',NULL,NULL,'2019-07-09 18:56:24','2019-07-09 18:56:24'),(327,'UPDATE','2019-07-09 18:56:54','MOTIVO',NULL,NULL,'2019-07-09 18:56:54','2019-07-09 18:56:54'),(328,'INSERT','2019-07-09 18:57:20','MOTIVO',NULL,NULL,'2019-07-09 18:57:20','2019-07-09 18:57:20'),(329,'INSERT','2019-07-09 18:57:33','MOTIVO',NULL,NULL,'2019-07-09 18:57:33','2019-07-09 18:57:33'),(330,'INSERT','2019-07-09 18:59:50','ESPECIALIDAD',NULL,NULL,'2019-07-09 18:59:50','2019-07-09 18:59:50'),(331,'INSERT','2019-07-09 19:00:06','ESPECIALIDAD',NULL,NULL,'2019-07-09 19:00:06','2019-07-09 19:00:06'),(332,'INSERT','2019-07-09 19:00:23','ESPECIALIDAD',NULL,NULL,'2019-07-09 19:00:23','2019-07-09 19:00:23'),(333,'INSERT','2019-07-09 19:01:53','ESPECIALIDAD',NULL,NULL,'2019-07-09 19:01:53','2019-07-09 19:01:53'),(334,'INSERT','2019-07-09 19:03:01','ESPECIALIDAD',NULL,NULL,'2019-07-09 19:03:01','2019-07-09 19:03:01'),(335,'INSERT','2019-07-09 19:04:58','ESPECIALIDAD',NULL,NULL,'2019-07-09 19:04:58','2019-07-09 19:04:58'),(336,'DELETE','2019-07-09 19:06:06','INSTITUTO',NULL,NULL,'2019-07-09 19:06:06','2019-07-09 19:06:06'),(337,'INSERT','2019-07-09 19:06:51','INSTITUTO',NULL,NULL,'2019-07-09 19:06:51','2019-07-09 19:06:51'),(338,'INSERT','2019-07-09 19:08:30','INSTITUTO',NULL,NULL,'2019-07-09 19:08:30','2019-07-09 19:08:30'),(339,'INSERT','2019-07-09 19:08:52','INSTITUTO',NULL,NULL,'2019-07-09 19:08:52','2019-07-09 19:08:52'),(340,'INSERT','2019-07-09 19:17:10','UNIVERSIDAD',NULL,NULL,'2019-07-09 19:17:10','2019-07-09 19:17:10'),(341,'INSERT','2019-07-09 19:17:35','UNIVERSIDAD',NULL,NULL,'2019-07-09 19:17:35','2019-07-09 19:17:35'),(342,'INSERT','2019-07-09 19:18:17','UNIVERSIDAD',NULL,NULL,'2019-07-09 19:18:17','2019-07-09 19:18:17'),(343,'INSERT','2019-07-09 19:19:21','UNIVERSIDAD',NULL,NULL,'2019-07-09 19:19:21','2019-07-09 19:19:21'),(344,'INSERT','2019-07-09 19:21:10','UNIVERSIDAD',NULL,NULL,'2019-07-09 19:21:10','2019-07-09 19:21:10'),(345,'INSERT','2019-07-09 19:22:13','PARENTESCO',NULL,NULL,'2019-07-09 19:22:13','2019-07-09 19:22:13'),(346,'DELETE','2019-07-09 19:29:02','AGREMIADO',NULL,NULL,'2019-07-09 19:29:02','2019-07-09 19:29:02'),(347,'INSERT','2019-07-16 14:52:07','AGREMIADO',NULL,NULL,'2019-07-16 14:52:07','2019-07-16 14:52:07'),(348,'INSERT','2019-07-16 14:52:07','PERSONA',NULL,NULL,'2019-07-16 14:52:07','2019-07-16 14:52:07'),(349,'DELETE','2019-07-16 14:58:18','ESPECIALIDAD',NULL,NULL,'2019-07-16 14:58:18','2019-07-16 14:58:18'),(350,'INSERT','2019-07-16 14:58:37','ESPECIALIDAD',NULL,NULL,'2019-07-16 14:58:37','2019-07-16 14:58:37'),(351,'INSERT','2019-07-19 13:32:51','AGREMIADO',NULL,NULL,'2019-07-19 13:32:51','2019-07-19 13:32:51'),(352,'INSERT','2019-07-19 13:32:52','PERSONA',NULL,NULL,'2019-07-19 13:32:52','2019-07-19 13:32:52'),(353,'DELETE','2019-07-19 13:34:57','AGREMIADO',NULL,NULL,'2019-07-19 13:34:57','2019-07-19 13:34:57'),(354,'UPDATE','2019-07-22 13:37:32','PERSONA',NULL,NULL,'2019-07-22 13:37:32','2019-07-22 13:37:32'),(355,'INSERT','2019-07-22 13:43:45','ESPECIALIDAD',NULL,NULL,'2019-07-22 13:43:45','2019-07-22 13:43:45'),(356,'UPDATE','2019-07-22 13:44:56','ESPECIALIDAD',NULL,NULL,'2019-07-22 13:44:56','2019-07-22 13:44:56'),(357,'UPDATE','2019-07-27 18:02:19','USERS',NULL,NULL,'2019-07-27 18:02:19','2019-07-27 18:02:19'),(358,'INSERT','2019-07-28 19:17:57','AGREMIADO',NULL,NULL,'2019-07-28 19:17:57','2019-07-28 19:17:57'),(359,'INSERT','2019-07-28 19:17:57','PERSONA',NULL,NULL,'2019-07-28 19:17:57','2019-07-28 19:17:57'),(360,'UPDATE','2019-07-28 19:22:50','PERSONA',NULL,NULL,'2019-07-28 19:22:50','2019-07-28 19:22:50'),(361,'INSERT','2019-07-28 19:23:57','AGREMIADO',NULL,NULL,'2019-07-28 19:23:57','2019-07-28 19:23:57'),(362,'INSERT','2019-07-28 19:23:57','PERSONA',NULL,NULL,'2019-07-28 19:23:57','2019-07-28 19:23:57'),(363,'DELETE','2019-07-28 19:27:07','AGREMIADO',NULL,NULL,'2019-07-28 19:27:07','2019-07-28 19:27:07'),(364,'DELETE','2019-07-28 19:27:16','AGREMIADO',NULL,NULL,'2019-07-28 19:27:16','2019-07-28 19:27:16'),(365,'DELETE','2019-07-28 19:27:26','AGREMIADO',NULL,NULL,'2019-07-28 19:27:26','2019-07-28 19:27:26'),(366,'DELETE','2019-07-28 19:27:35','AGREMIADO',NULL,NULL,'2019-07-28 19:27:35','2019-07-28 19:27:35'),(367,'DELETE','2019-07-28 19:28:04','AGREMIADO',NULL,NULL,'2019-07-28 19:28:04','2019-07-28 19:28:04'),(368,'DELETE','2019-07-28 19:28:09','AGREMIADO',NULL,NULL,'2019-07-28 19:28:09','2019-07-28 19:28:09'),(369,'DELETE','2019-07-28 19:28:24','AGREMIADO',NULL,NULL,'2019-07-28 19:28:24','2019-07-28 19:28:24'),(370,'DELETE','2019-07-28 19:29:14','AGREMIADO',NULL,NULL,'2019-07-28 19:29:14','2019-07-28 19:29:14'),(371,'DELETE','2019-07-28 19:29:20','AGREMIADO',NULL,NULL,'2019-07-28 19:29:20','2019-07-28 19:29:20'),(372,'DELETE','2019-07-28 19:29:26','AGREMIADO',NULL,NULL,'2019-07-28 19:29:26','2019-07-28 19:29:26'),(373,'DELETE','2019-07-28 19:29:32','AGREMIADO',NULL,NULL,'2019-07-28 19:29:32','2019-07-28 19:29:32'),(374,'DELETE','2019-07-28 19:31:26','PERSONA',NULL,NULL,'2019-07-28 19:31:26','2019-07-28 19:31:26'),(375,'DELETE','2019-07-28 19:31:26','PERSONA',NULL,NULL,'2019-07-28 19:31:26','2019-07-28 19:31:26'),(376,'DELETE','2019-07-28 19:31:26','PERSONA',NULL,NULL,'2019-07-28 19:31:26','2019-07-28 19:31:26'),(377,'DELETE','2019-07-28 19:31:26','PERSONA',NULL,NULL,'2019-07-28 19:31:26','2019-07-28 19:31:26'),(378,'DELETE','2019-07-28 19:31:26','PERSONA',NULL,NULL,'2019-07-28 19:31:26','2019-07-28 19:31:26'),(379,'DELETE','2019-07-28 19:31:27','PERSONA',NULL,NULL,'2019-07-28 19:31:27','2019-07-28 19:31:27'),(380,'DELETE','2019-07-28 19:31:27','PERSONA',NULL,NULL,'2019-07-28 19:31:27','2019-07-28 19:31:27'),(381,'DELETE','2019-07-28 19:31:27','PERSONA',NULL,NULL,'2019-07-28 19:31:27','2019-07-28 19:31:27'),(382,'DELETE','2019-07-28 19:31:27','PERSONA',NULL,NULL,'2019-07-28 19:31:27','2019-07-28 19:31:27'),(383,'DELETE','2019-07-28 19:31:27','PERSONA',NULL,NULL,'2019-07-28 19:31:27','2019-07-28 19:31:27'),(384,'DELETE','2019-07-28 19:31:27','PERSONA',NULL,NULL,'2019-07-28 19:31:27','2019-07-28 19:31:27'),(385,'DELETE','2019-07-28 19:31:27','PERSONA',NULL,NULL,'2019-07-28 19:31:27','2019-07-28 19:31:27'),(386,'DELETE','2019-07-28 19:31:27','PERSONA',NULL,NULL,'2019-07-28 19:31:27','2019-07-28 19:31:27'),(387,'DELETE','2019-07-28 19:31:27','PERSONA',NULL,NULL,'2019-07-28 19:31:27','2019-07-28 19:31:27'),(388,'DELETE','2019-07-28 19:31:27','PERSONA',NULL,NULL,'2019-07-28 19:31:27','2019-07-28 19:31:27'),(389,'DELETE','2019-07-28 19:31:27','PERSONA',NULL,NULL,'2019-07-28 19:31:27','2019-07-28 19:31:27'),(390,'DELETE','2019-07-28 19:31:27','PERSONA',NULL,NULL,'2019-07-28 19:31:27','2019-07-28 19:31:27'),(391,'DELETE','2019-07-28 19:31:27','PERSONA',NULL,NULL,'2019-07-28 19:31:27','2019-07-28 19:31:27'),(392,'DELETE','2019-07-28 19:31:27','PERSONA',NULL,NULL,'2019-07-28 19:31:27','2019-07-28 19:31:27'),(393,'DELETE','2019-07-28 19:31:27','PERSONA',NULL,NULL,'2019-07-28 19:31:27','2019-07-28 19:31:27'),(394,'DELETE','2019-07-28 19:31:27','PERSONA',NULL,NULL,'2019-07-28 19:31:27','2019-07-28 19:31:27'),(395,'DELETE','2019-07-28 19:31:27','PERSONA',NULL,NULL,'2019-07-28 19:31:27','2019-07-28 19:31:27'),(396,'DELETE','2019-07-28 19:31:27','PERSONA',NULL,NULL,'2019-07-28 19:31:27','2019-07-28 19:31:27'),(397,'DELETE','2019-07-28 19:31:27','PERSONA',NULL,NULL,'2019-07-28 19:31:27','2019-07-28 19:31:27'),(398,'DELETE','2019-07-28 19:31:27','PERSONA',NULL,NULL,'2019-07-28 19:31:27','2019-07-28 19:31:27'),(399,'DELETE','2019-07-28 19:31:27','PERSONA',NULL,NULL,'2019-07-28 19:31:27','2019-07-28 19:31:27'),(400,'DELETE','2019-07-28 19:31:27','PERSONA',NULL,NULL,'2019-07-28 19:31:27','2019-07-28 19:31:27'),(401,'DELETE','2019-07-28 19:31:27','PERSONA',NULL,NULL,'2019-07-28 19:31:27','2019-07-28 19:31:27'),(402,'DELETE','2019-07-28 19:31:27','PERSONA',NULL,NULL,'2019-07-28 19:31:27','2019-07-28 19:31:27'),(403,'DELETE','2019-07-28 19:31:28','PERSONA',NULL,NULL,'2019-07-28 19:31:28','2019-07-28 19:31:28'),(404,'DELETE','2019-07-28 19:31:28','PERSONA',NULL,NULL,'2019-07-28 19:31:28','2019-07-28 19:31:28'),(405,'DELETE','2019-07-28 19:31:28','PERSONA',NULL,NULL,'2019-07-28 19:31:28','2019-07-28 19:31:28'),(406,'DELETE','2019-07-28 19:31:28','PERSONA',NULL,NULL,'2019-07-28 19:31:28','2019-07-28 19:31:28'),(407,'DELETE','2019-07-28 19:31:28','PERSONA',NULL,NULL,'2019-07-28 19:31:28','2019-07-28 19:31:28'),(408,'DELETE','2019-07-28 19:31:28','PERSONA',NULL,NULL,'2019-07-28 19:31:28','2019-07-28 19:31:28'),(409,'DELETE','2019-07-28 19:32:22','PERSONA',NULL,NULL,'2019-07-28 19:32:22','2019-07-28 19:32:22'),(410,'DELETE','2019-07-28 19:32:22','PERSONA',NULL,NULL,'2019-07-28 19:32:22','2019-07-28 19:32:22'),(411,'DELETE','2019-07-28 19:32:22','PERSONA',NULL,NULL,'2019-07-28 19:32:22','2019-07-28 19:32:22'),(412,'DELETE','2019-07-28 19:32:22','PERSONA',NULL,NULL,'2019-07-28 19:32:22','2019-07-28 19:32:22'),(413,'DELETE','2019-07-28 19:32:22','PERSONA',NULL,NULL,'2019-07-28 19:32:22','2019-07-28 19:32:22'),(414,'DELETE','2019-07-28 19:32:22','PERSONA',NULL,NULL,'2019-07-28 19:32:22','2019-07-28 19:32:22'),(415,'DELETE','2019-07-28 19:32:22','PERSONA',NULL,NULL,'2019-07-28 19:32:22','2019-07-28 19:32:22'),(416,'DELETE','2019-07-28 19:32:22','PERSONA',NULL,NULL,'2019-07-28 19:32:22','2019-07-28 19:32:22'),(417,'DELETE','2019-07-28 19:32:22','PERSONA',NULL,NULL,'2019-07-28 19:32:22','2019-07-28 19:32:22'),(418,'DELETE','2019-07-28 19:32:23','PERSONA',NULL,NULL,'2019-07-28 19:32:23','2019-07-28 19:32:23'),(419,'DELETE','2019-07-28 19:32:23','PERSONA',NULL,NULL,'2019-07-28 19:32:23','2019-07-28 19:32:23'),(420,'DELETE','2019-07-28 19:32:23','PERSONA',NULL,NULL,'2019-07-28 19:32:23','2019-07-28 19:32:23'),(421,'DELETE','2019-07-28 19:32:23','PERSONA',NULL,NULL,'2019-07-28 19:32:23','2019-07-28 19:32:23'),(422,'DELETE','2019-07-28 19:32:23','PERSONA',NULL,NULL,'2019-07-28 19:32:23','2019-07-28 19:32:23'),(423,'DELETE','2019-07-28 19:32:23','PERSONA',NULL,NULL,'2019-07-28 19:32:23','2019-07-28 19:32:23'),(424,'DELETE','2019-07-28 19:32:23','PERSONA',NULL,NULL,'2019-07-28 19:32:23','2019-07-28 19:32:23'),(425,'DELETE','2019-07-28 19:32:23','PERSONA',NULL,NULL,'2019-07-28 19:32:23','2019-07-28 19:32:23'),(426,'DELETE','2019-07-28 19:32:23','PERSONA',NULL,NULL,'2019-07-28 19:32:23','2019-07-28 19:32:23'),(427,'DELETE','2019-07-28 19:32:23','PERSONA',NULL,NULL,'2019-07-28 19:32:23','2019-07-28 19:32:23'),(428,'DELETE','2019-07-28 19:32:23','PERSONA',NULL,NULL,'2019-07-28 19:32:23','2019-07-28 19:32:23'),(429,'DELETE','2019-07-28 19:32:23','PERSONA',NULL,NULL,'2019-07-28 19:32:23','2019-07-28 19:32:23'),(430,'DELETE','2019-07-28 19:32:23','PERSONA',NULL,NULL,'2019-07-28 19:32:23','2019-07-28 19:32:23'),(431,'DELETE','2019-07-28 19:32:23','PERSONA',NULL,NULL,'2019-07-28 19:32:23','2019-07-28 19:32:23'),(432,'DELETE','2019-07-28 19:32:23','PERSONA',NULL,NULL,'2019-07-28 19:32:23','2019-07-28 19:32:23'),(433,'DELETE','2019-07-28 19:32:23','PERSONA',NULL,NULL,'2019-07-28 19:32:23','2019-07-28 19:32:23'),(434,'DELETE','2019-07-28 19:32:23','PERSONA',NULL,NULL,'2019-07-28 19:32:23','2019-07-28 19:32:23'),(435,'DELETE','2019-07-28 19:32:23','PERSONA',NULL,NULL,'2019-07-28 19:32:23','2019-07-28 19:32:23'),(436,'DELETE','2019-07-28 19:32:23','PERSONA',NULL,NULL,'2019-07-28 19:32:23','2019-07-28 19:32:23'),(437,'DELETE','2019-07-28 19:32:23','PERSONA',NULL,NULL,'2019-07-28 19:32:23','2019-07-28 19:32:23'),(438,'DELETE','2019-07-28 19:32:23','PERSONA',NULL,NULL,'2019-07-28 19:32:23','2019-07-28 19:32:23'),(439,'DELETE','2019-07-28 19:32:23','PERSONA',NULL,NULL,'2019-07-28 19:32:23','2019-07-28 19:32:23'),(440,'DELETE','2019-07-28 19:32:23','PERSONA',NULL,NULL,'2019-07-28 19:32:23','2019-07-28 19:32:23'),(441,'DELETE','2019-07-28 19:32:23','PERSONA',NULL,NULL,'2019-07-28 19:32:23','2019-07-28 19:32:23'),(442,'DELETE','2019-07-28 19:32:24','PERSONA',NULL,NULL,'2019-07-28 19:32:24','2019-07-28 19:32:24'),(443,'DELETE','2019-07-28 19:32:24','PERSONA',NULL,NULL,'2019-07-28 19:32:24','2019-07-28 19:32:24'),(444,'DELETE','2019-07-28 19:32:24','PERSONA',NULL,NULL,'2019-07-28 19:32:24','2019-07-28 19:32:24'),(445,'DELETE','2019-07-28 19:33:58','PERSONA',NULL,NULL,'2019-07-28 19:33:58','2019-07-28 19:33:58'),(446,'DELETE','2019-07-28 19:33:58','PERSONA',NULL,NULL,'2019-07-28 19:33:58','2019-07-28 19:33:58'),(447,'DELETE','2019-07-28 19:33:58','PERSONA',NULL,NULL,'2019-07-28 19:33:58','2019-07-28 19:33:58'),(448,'DELETE','2019-07-28 19:33:58','PERSONA',NULL,NULL,'2019-07-28 19:33:58','2019-07-28 19:33:58'),(449,'DELETE','2019-07-28 19:33:58','PERSONA',NULL,NULL,'2019-07-28 19:33:58','2019-07-28 19:33:58'),(450,'DELETE','2019-07-28 19:33:59','PERSONA',NULL,NULL,'2019-07-28 19:33:59','2019-07-28 19:33:59'),(451,'DELETE','2019-07-28 19:33:59','PERSONA',NULL,NULL,'2019-07-28 19:33:59','2019-07-28 19:33:59'),(452,'DELETE','2019-07-28 19:33:59','PERSONA',NULL,NULL,'2019-07-28 19:33:59','2019-07-28 19:33:59'),(453,'DELETE','2019-07-28 19:33:59','PERSONA',NULL,NULL,'2019-07-28 19:33:59','2019-07-28 19:33:59'),(454,'DELETE','2019-07-28 19:33:59','PERSONA',NULL,NULL,'2019-07-28 19:33:59','2019-07-28 19:33:59'),(455,'DELETE','2019-07-28 19:33:59','PERSONA',NULL,NULL,'2019-07-28 19:33:59','2019-07-28 19:33:59'),(456,'DELETE','2019-07-28 19:33:59','PERSONA',NULL,NULL,'2019-07-28 19:33:59','2019-07-28 19:33:59'),(457,'DELETE','2019-07-28 19:33:59','PERSONA',NULL,NULL,'2019-07-28 19:33:59','2019-07-28 19:33:59'),(458,'DELETE','2019-07-28 19:33:59','PERSONA',NULL,NULL,'2019-07-28 19:33:59','2019-07-28 19:33:59'),(459,'DELETE','2019-07-28 19:33:59','PERSONA',NULL,NULL,'2019-07-28 19:33:59','2019-07-28 19:33:59'),(460,'DELETE','2019-07-28 19:33:59','PERSONA',NULL,NULL,'2019-07-28 19:33:59','2019-07-28 19:33:59'),(461,'DELETE','2019-07-28 19:33:59','PERSONA',NULL,NULL,'2019-07-28 19:33:59','2019-07-28 19:33:59'),(462,'DELETE','2019-07-28 19:34:16','PERSONA',NULL,NULL,'2019-07-28 19:34:16','2019-07-28 19:34:16'),(463,'DELETE','2019-07-28 19:34:48','PERSONA',NULL,NULL,'2019-07-28 19:34:48','2019-07-28 19:34:48'),(464,'DELETE','2019-07-28 19:34:48','PERSONA',NULL,NULL,'2019-07-28 19:34:48','2019-07-28 19:34:48'),(465,'DELETE','2019-07-28 19:34:48','PERSONA',NULL,NULL,'2019-07-28 19:34:48','2019-07-28 19:34:48'),(466,'DELETE','2019-07-28 19:34:48','PERSONA',NULL,NULL,'2019-07-28 19:34:48','2019-07-28 19:34:48'),(467,'DELETE','2019-07-28 19:34:48','PERSONA',NULL,NULL,'2019-07-28 19:34:48','2019-07-28 19:34:48'),(468,'DELETE','2019-07-28 19:35:36','PERSONA',NULL,NULL,'2019-07-28 19:35:36','2019-07-28 19:35:36'),(469,'DELETE','2019-07-28 19:35:51','PERSONA',NULL,NULL,'2019-07-28 19:35:51','2019-07-28 19:35:51'),(470,'DELETE','2019-07-28 19:36:07','PERSONA',NULL,NULL,'2019-07-28 19:36:07','2019-07-28 19:36:07'),(471,'DELETE','2019-07-28 19:36:07','PERSONA',NULL,NULL,'2019-07-28 19:36:07','2019-07-28 19:36:07'),(472,'DELETE','2019-07-28 19:36:19','PERSONA',NULL,NULL,'2019-07-28 19:36:19','2019-07-28 19:36:19'),(473,'DELETE','2019-07-28 19:36:51','PERSONA',NULL,NULL,'2019-07-28 19:36:51','2019-07-28 19:36:51'),(474,'INSERT','2019-07-28 22:26:31','AGREMIADO',NULL,NULL,'2019-07-28 22:26:31','2019-07-28 22:26:31'),(475,'DELETE','2019-07-28 22:33:05','AGREMIADO',NULL,NULL,'2019-07-28 22:33:05','2019-07-28 22:33:05'),(476,'INSERT','2019-07-28 22:39:47','AGREMIADO',NULL,NULL,'2019-07-28 22:39:47','2019-07-28 22:39:47'),(477,'INSERT','2019-07-28 22:39:47','PERSONA',NULL,NULL,'2019-07-28 22:39:47','2019-07-28 22:39:47'),(478,'INSERT','2019-07-28 22:42:43','AGREMIADO',NULL,NULL,'2019-07-28 22:42:43','2019-07-28 22:42:43'),(479,'INSERT','2019-07-28 22:42:43','PERSONA',NULL,NULL,'2019-07-28 22:42:43','2019-07-28 22:42:43'),(480,'INSERT','2019-07-28 22:45:26','AGREMIADO',NULL,NULL,'2019-07-28 22:45:26','2019-07-28 22:45:26'),(481,'INSERT','2019-07-28 22:45:26','PERSONA',NULL,NULL,'2019-07-28 22:45:26','2019-07-28 22:45:26'),(482,'INSERT','2019-07-28 22:48:06','AGREMIADO',NULL,NULL,'2019-07-28 22:48:06','2019-07-28 22:48:06'),(483,'INSERT','2019-07-28 22:48:06','PERSONA',NULL,NULL,'2019-07-28 22:48:06','2019-07-28 22:48:06'),(484,'INSERT','2019-07-28 22:49:52','AGREMIADO',NULL,NULL,'2019-07-28 22:49:52','2019-07-28 22:49:52'),(485,'INSERT','2019-07-28 22:49:52','PERSONA',NULL,NULL,'2019-07-28 22:49:52','2019-07-28 22:49:52'),(486,'INSERT','2019-07-28 22:51:31','AGREMIADO',NULL,NULL,'2019-07-28 22:51:31','2019-07-28 22:51:31'),(487,'INSERT','2019-07-28 22:51:31','PERSONA',NULL,NULL,'2019-07-28 22:51:31','2019-07-28 22:51:31'),(488,'INSERT','2019-07-28 23:41:23','AGREMIADO',NULL,NULL,'2019-07-28 23:41:23','2019-07-28 23:41:23'),(489,'INSERT','2019-07-28 23:41:23','PERSONA',NULL,NULL,'2019-07-28 23:41:23','2019-07-28 23:41:23'),(490,'INSERT','2019-07-28 23:43:02','AGREMIADO',NULL,NULL,'2019-07-28 23:43:02','2019-07-28 23:43:02'),(491,'INSERT','2019-07-28 23:43:02','PERSONA',NULL,NULL,'2019-07-28 23:43:02','2019-07-28 23:43:02'),(492,'INSERT','2019-07-28 23:44:44','AGREMIADO',NULL,NULL,'2019-07-28 23:44:44','2019-07-28 23:44:44'),(493,'INSERT','2019-07-28 23:44:44','PERSONA',NULL,NULL,'2019-07-28 23:44:44','2019-07-28 23:44:44'),(494,'INSERT','2019-07-28 23:47:20','AGREMIADO',NULL,NULL,'2019-07-28 23:47:20','2019-07-28 23:47:20'),(495,'INSERT','2019-07-28 23:47:20','PERSONA',NULL,NULL,'2019-07-28 23:47:20','2019-07-28 23:47:20'),(496,'INSERT','2019-07-28 23:50:11','ESPECIALIDAD',NULL,NULL,'2019-07-28 23:50:11','2019-07-28 23:50:11'),(497,'INSERT','2019-07-28 23:51:08','AGREMIADO',NULL,NULL,'2019-07-28 23:51:08','2019-07-28 23:51:08'),(498,'INSERT','2019-07-28 23:51:08','PERSONA',NULL,NULL,'2019-07-28 23:51:08','2019-07-28 23:51:08'),(499,'INSERT','2019-07-28 23:53:54','AGREMIADO',NULL,NULL,'2019-07-28 23:53:54','2019-07-28 23:53:54'),(500,'INSERT','2019-07-28 23:53:54','PERSONA',NULL,NULL,'2019-07-28 23:53:54','2019-07-28 23:53:54'),(501,'INSERT','2019-07-28 23:55:48','AGREMIADO',NULL,NULL,'2019-07-28 23:55:48','2019-07-28 23:55:48'),(502,'INSERT','2019-07-28 23:55:48','PERSONA',NULL,NULL,'2019-07-28 23:55:48','2019-07-28 23:55:48'),(503,'INSERT','2019-07-28 23:56:58','AGREMIADO',NULL,NULL,'2019-07-28 23:56:58','2019-07-28 23:56:58'),(504,'INSERT','2019-07-28 23:56:58','PERSONA',NULL,NULL,'2019-07-28 23:56:58','2019-07-28 23:56:58'),(505,'INSERT','2019-07-28 23:58:52','AGREMIADO',NULL,NULL,'2019-07-28 23:58:52','2019-07-28 23:58:52'),(506,'INSERT','2019-07-28 23:58:52','PERSONA',NULL,NULL,'2019-07-28 23:58:52','2019-07-28 23:58:52'),(507,'INSERT','2019-07-29 00:00:14','AGREMIADO',NULL,NULL,'2019-07-29 00:00:14','2019-07-29 00:00:14'),(508,'INSERT','2019-07-29 00:00:14','PERSONA',NULL,NULL,'2019-07-29 00:00:14','2019-07-29 00:00:14'),(509,'INSERT','2019-07-29 00:01:49','AGREMIADO',NULL,NULL,'2019-07-29 00:01:49','2019-07-29 00:01:49'),(510,'INSERT','2019-07-29 00:01:49','PERSONA',NULL,NULL,'2019-07-29 00:01:49','2019-07-29 00:01:49'),(511,'INSERT','2019-07-29 00:03:25','AGREMIADO',NULL,NULL,'2019-07-29 00:03:25','2019-07-29 00:03:25'),(512,'INSERT','2019-07-29 00:03:25','PERSONA',NULL,NULL,'2019-07-29 00:03:25','2019-07-29 00:03:25'),(513,'INSERT','2019-07-29 00:05:29','AGREMIADO',NULL,NULL,'2019-07-29 00:05:29','2019-07-29 00:05:29'),(514,'INSERT','2019-07-29 00:05:30','PERSONA',NULL,NULL,'2019-07-29 00:05:30','2019-07-29 00:05:30'),(515,'DELETE','2019-07-29 00:05:45','AGREMIADO',NULL,NULL,'2019-07-29 00:05:45','2019-07-29 00:05:45'),(516,'DELETE','2019-07-29 00:05:52','AGREMIADO',NULL,NULL,'2019-07-29 00:05:52','2019-07-29 00:05:52'),(517,'DELETE','2019-07-29 00:05:57','AGREMIADO',NULL,NULL,'2019-07-29 00:05:57','2019-07-29 00:05:57'),(518,'DELETE','2019-07-29 00:06:00','AGREMIADO',NULL,NULL,'2019-07-29 00:06:00','2019-07-29 00:06:00'),(519,'DELETE','2019-07-29 00:06:05','AGREMIADO',NULL,NULL,'2019-07-29 00:06:05','2019-07-29 00:06:05'),(520,'DELETE','2019-07-29 00:06:10','AGREMIADO',NULL,NULL,'2019-07-29 00:06:10','2019-07-29 00:06:10'),(521,'DELETE','2019-07-29 00:06:14','AGREMIADO',NULL,NULL,'2019-07-29 00:06:14','2019-07-29 00:06:14'),(522,'DELETE','2019-07-29 00:06:19','AGREMIADO',NULL,NULL,'2019-07-29 00:06:19','2019-07-29 00:06:19'),(523,'INSERT','2019-07-29 00:08:16','AGREMIADO',NULL,NULL,'2019-07-29 00:08:16','2019-07-29 00:08:16'),(524,'INSERT','2019-07-29 00:08:16','PERSONA',NULL,NULL,'2019-07-29 00:08:16','2019-07-29 00:08:16'),(525,'UPDATE','2019-07-29 00:30:47','USERS',NULL,NULL,'2019-07-29 00:30:47','2019-07-29 00:30:47'),(526,'UPDATE','2019-07-29 00:30:53','USERS',NULL,NULL,'2019-07-29 00:30:53','2019-07-29 00:30:53'),(527,'UPDATE','2019-07-29 00:30:57','USERS',NULL,NULL,'2019-07-29 00:30:57','2019-07-29 00:30:57'),(528,'INSERT','2019-07-29 00:31:39','USERS',NULL,NULL,'2019-07-29 00:31:39','2019-07-29 00:31:39'),(529,'UPDATE','2019-07-29 00:31:45','USERS',NULL,NULL,'2019-07-29 00:31:45','2019-07-29 00:31:45'),(530,'UPDATE','2019-07-29 00:39:32','PARENTESCO',NULL,NULL,'2019-07-29 00:39:32','2019-07-29 00:39:32'),(531,'UPDATE','2019-07-29 00:39:51','PARENTESCO',NULL,NULL,'2019-07-29 00:39:51','2019-07-29 00:39:51'),(532,'INSERT','2019-07-29 01:37:11','TARIFA',NULL,NULL,'2019-07-29 01:37:11','2019-07-29 01:37:11'),(533,'INSERT','2019-10-31 00:58:09','TARIFA',NULL,NULL,'2019-10-31 00:58:09','2019-10-31 00:58:09'),(534,'UPDATE','2019-10-31 00:58:40','TARIFA',NULL,NULL,'2019-10-31 00:58:40','2019-10-31 00:58:40'),(535,'UPDATE','2019-10-31 01:01:32','TARIFA',NULL,NULL,'2019-10-31 01:01:32','2019-10-31 01:01:32'),(536,'INSERT','2019-10-31 02:08:40','INSTRUMENTO',NULL,NULL,'2019-10-31 02:08:40','2019-10-31 02:08:40'),(537,'INSERT','2019-10-31 02:09:29','INSTRUMENTO',NULL,NULL,'2019-10-31 02:09:29','2019-10-31 02:09:29'),(538,'UPDATE','2019-10-31 02:09:38','INSTRUMENTO',NULL,NULL,'2019-10-31 02:09:38','2019-10-31 02:09:38'),(539,'UPDATE','2019-10-31 02:09:43','INSTRUMENTO',NULL,NULL,'2019-10-31 02:09:43','2019-10-31 02:09:43'),(540,'UPDATE','2019-10-31 02:09:48','INSTRUMENTO',NULL,NULL,'2019-10-31 02:09:48','2019-10-31 02:09:48'),(541,'UPDATE','2019-10-31 02:09:52','INSTRUMENTO',NULL,NULL,'2019-10-31 02:09:52','2019-10-31 02:09:52'),(542,'INSERT','2019-11-02 15:24:56','AGREMIADO',NULL,NULL,'2019-11-02 15:24:56','2019-11-02 15:24:56'),(543,'INSERT','2019-11-02 15:24:57','PERSONA',NULL,NULL,'2019-11-02 15:24:57','2019-11-02 15:24:57'),(544,'INSERT','2019-11-03 03:33:57','TARIFA',NULL,NULL,'2019-11-03 03:33:57','2019-11-03 03:33:57'),(545,'INSERT','2019-11-03 21:40:06','USERS',NULL,NULL,'2019-11-03 21:40:06','2019-11-03 21:40:06'),(546,'INSERT','2019-11-03 21:41:57','USERS',NULL,NULL,'2019-11-03 21:41:57','2019-11-03 21:41:57'),(547,'UPDATE','2019-11-04 14:14:07','PERSONA',NULL,NULL,'2019-11-04 14:14:07','2019-11-04 14:14:07'),(548,'INSERT','2019-11-04 14:19:47','AGREMIADO',NULL,NULL,'2019-11-04 14:19:47','2019-11-04 14:19:47'),(549,'INSERT','2019-11-04 14:19:48','PERSONA',NULL,NULL,'2019-11-04 14:19:48','2019-11-04 14:19:48'),(550,'UPDATE','2019-11-04 14:21:21','INSTRUMENTO',NULL,NULL,'2019-11-04 14:21:21','2019-11-04 14:21:21'),(551,'UPDATE','2019-11-04 14:21:27','INSTRUMENTO',NULL,NULL,'2019-11-04 14:21:27','2019-11-04 14:21:27'),(552,'INSERT','2019-11-04 14:39:09','INSTRUMENTO',NULL,NULL,'2019-11-04 14:39:09','2019-11-04 14:39:09'),(553,'INSERT','2019-11-04 14:43:10','ESPECIALIDAD',NULL,NULL,'2019-11-04 14:43:10','2019-11-04 14:43:10'),(554,'INSERT','2019-11-04 14:43:59','INSTRUMENTO',NULL,NULL,'2019-11-04 14:43:59','2019-11-04 14:43:59'),(555,'UPDATE','2019-11-04 14:45:03','ESPECIALIDAD',NULL,NULL,'2019-11-04 14:45:03','2019-11-04 14:45:03'),(556,'INSERT','2019-11-04 14:47:16','INSTRUMENTO',NULL,NULL,'2019-11-04 14:47:16','2019-11-04 14:47:16'),(557,'UPDATE','2019-11-04 14:48:34','INSTRUMENTO',NULL,NULL,'2019-11-04 14:48:34','2019-11-04 14:48:34'),(558,'UPDATE','2019-11-06 14:17:35','TARIFA',NULL,NULL,'2019-11-06 14:17:35','2019-11-06 14:17:35'),(559,'UPDATE','2019-11-06 14:17:43','TARIFA',NULL,NULL,'2019-11-06 14:17:43','2019-11-06 14:17:43'),(560,'UPDATE','2019-11-06 14:23:09','TARIFA',NULL,NULL,'2019-11-06 14:23:09','2019-11-06 14:23:09'),(561,'UPDATE','2019-11-06 14:23:13','TARIFA',NULL,NULL,'2019-11-06 14:23:13','2019-11-06 14:23:13'),(562,'UPDATE','2019-11-06 14:23:16','TARIFA',NULL,NULL,'2019-11-06 14:23:16','2019-11-06 14:23:16'),(563,'INSERT','2019-11-06 14:24:08','TARIFA',NULL,NULL,'2019-11-06 14:24:08','2019-11-06 14:24:08'),(564,'INSERT','2019-11-06 14:27:22','TARIFA',NULL,NULL,'2019-11-06 14:27:22','2019-11-06 14:27:22'),(565,'INSERT','2019-11-06 14:28:12','TARIFA',NULL,NULL,'2019-11-06 14:28:12','2019-11-06 14:28:12'),(566,'INSERT','2019-11-06 14:42:33','AGREMIADO',NULL,NULL,'2019-11-06 14:42:33','2019-11-06 14:42:33'),(567,'INSERT','2019-11-06 14:42:34','PERSONA',NULL,NULL,'2019-11-06 14:42:34','2019-11-06 14:42:34'),(568,'INSERT','2019-11-13 16:25:10','INSTRUMENTO',NULL,NULL,'2019-11-13 16:25:10','2019-11-13 16:25:10'),(569,'INSERT','2019-11-16 16:29:05','TARIFA',NULL,NULL,'2019-11-16 16:29:05','2019-11-16 16:29:05'),(570,'DELETE','2019-11-16 16:35:36','TARIFA',NULL,NULL,'2019-11-16 16:35:36','2019-11-16 16:35:36'),(571,'INSERT','2019-11-18 06:05:03','TARIFA',NULL,NULL,'2019-11-18 06:05:03','2019-11-18 06:05:03'),(572,'UPDATE','2019-11-18 08:52:31','AGREMIADO',NULL,NULL,'2019-11-18 08:52:31','2019-11-18 08:52:31'),(573,'UPDATE','2019-11-18 08:52:35','AGREMIADO',NULL,NULL,'2019-11-18 08:52:35','2019-11-18 08:52:35'),(574,'UPDATE','2019-11-18 08:52:39','AGREMIADO',NULL,NULL,'2019-11-18 08:52:39','2019-11-18 08:52:39'),(575,'UPDATE','2019-11-18 08:52:42','AGREMIADO',NULL,NULL,'2019-11-18 08:52:42','2019-11-18 08:52:42'),(576,'UPDATE','2019-11-18 08:52:47','AGREMIADO',NULL,NULL,'2019-11-18 08:52:47','2019-11-18 08:52:47'),(577,'UPDATE','2019-11-18 08:52:51','AGREMIADO',NULL,NULL,'2019-11-18 08:52:51','2019-11-18 08:52:51'),(578,'UPDATE','2019-11-18 08:52:57','AGREMIADO',NULL,NULL,'2019-11-18 08:52:57','2019-11-18 08:52:57'),(579,'UPDATE','2019-11-18 08:53:01','AGREMIADO',NULL,NULL,'2019-11-18 08:53:01','2019-11-18 08:53:01'),(580,'UPDATE','2019-11-18 08:53:05','AGREMIADO',NULL,NULL,'2019-11-18 08:53:05','2019-11-18 08:53:05'),(581,'UPDATE','2019-11-18 08:53:08','AGREMIADO',NULL,NULL,'2019-11-18 08:53:08','2019-11-18 08:53:08'),(582,'UPDATE','2019-11-18 08:53:10','AGREMIADO',NULL,NULL,'2019-11-18 08:53:10','2019-11-18 08:53:10');
/*!40000 ALTER TABLE `bitacora` ENABLE KEYS */;
UNLOCK TABLES;
DROP TABLE IF EXISTS `carga_familiar`;
/*!40101 SET @saved_cs_client     = @@character_set_client */;
/*!40101 SET character_set_client = utf8 */;
CREATE TABLE `carga_familiar` (
  `id` int(11) NOT NULL AUTO_INCREMENT,
  `fecha_nac` date NOT NULL,
  PRIMARY KEY (`id`)
) ENGINE=InnoDB DEFAULT CHARSET=utf8 COLLATE=utf8_spanish_ci;
/*!40101 SET character_set_client = @saved_cs_client */;

LOCK TABLES `carga_familiar` WRITE;
/*!40000 ALTER TABLE `carga_familiar` DISABLE KEYS */;
/*!40000 ALTER TABLE `carga_familiar` ENABLE KEYS */;
UNLOCK TABLES;
/*!50003 SET @saved_cs_client      = @@character_set_client */ ;
/*!50003 SET @saved_cs_results     = @@character_set_results */ ;
/*!50003 SET @saved_col_connection = @@collation_connection */ ;
/*!50003 SET character_set_client  = utf8mb4 */ ;
/*!50003 SET character_set_results = utf8mb4 */ ;
/*!50003 SET collation_connection  = utf8mb4_general_ci */ ;
/*!50003 SET @saved_sql_mode       = @@sql_mode */ ;
/*!50003 SET sql_mode              = 'NO_AUTO_VALUE_ON_ZERO' */ ;
DELIMITER ;;
/*!50003 CREATE*/ /*!50017 DEFINER=`root`@`localhost`*/ /*!50003 TRIGGER `carga_ai` AFTER INSERT ON `carga_familiar` FOR EACH ROW INSERT INTO bitacora (accion, fecha_hora, tabla) VALUES ('INSERT',NOW(), 'CARGA_FAMILIAR') */;;
DELIMITER ;
/*!50003 SET sql_mode              = @saved_sql_mode */ ;
/*!50003 SET character_set_client  = @saved_cs_client */ ;
/*!50003 SET character_set_results = @saved_cs_results */ ;
/*!50003 SET collation_connection  = @saved_col_connection */ ;
/*!50003 SET @saved_cs_client      = @@character_set_client */ ;
/*!50003 SET @saved_cs_results     = @@character_set_results */ ;
/*!50003 SET @saved_col_connection = @@collation_connection */ ;
/*!50003 SET character_set_client  = utf8mb4 */ ;
/*!50003 SET character_set_results = utf8mb4 */ ;
/*!50003 SET collation_connection  = utf8mb4_general_ci */ ;
/*!50003 SET @saved_sql_mode       = @@sql_mode */ ;
/*!50003 SET sql_mode              = 'NO_AUTO_VALUE_ON_ZERO' */ ;
DELIMITER ;;
/*!50003 CREATE*/ /*!50017 DEFINER=`root`@`localhost`*/ /*!50003 TRIGGER `carga_au` AFTER UPDATE ON `carga_familiar` FOR EACH ROW INSERT INTO bitacora (accion, fecha_hora, tabla) VALUES ('UPDATE',NOW(), 'CARGA_FAMILIAR') */;;
DELIMITER ;
/*!50003 SET sql_mode              = @saved_sql_mode */ ;
/*!50003 SET character_set_client  = @saved_cs_client */ ;
/*!50003 SET character_set_results = @saved_cs_results */ ;
/*!50003 SET collation_connection  = @saved_col_connection */ ;
/*!50003 SET @saved_cs_client      = @@character_set_client */ ;
/*!50003 SET @saved_cs_results     = @@character_set_results */ ;
/*!50003 SET @saved_col_connection = @@collation_connection */ ;
/*!50003 SET character_set_client  = utf8mb4 */ ;
/*!50003 SET character_set_results = utf8mb4 */ ;
/*!50003 SET collation_connection  = utf8mb4_general_ci */ ;
/*!50003 SET @saved_sql_mode       = @@sql_mode */ ;
/*!50003 SET sql_mode              = 'NO_AUTO_VALUE_ON_ZERO' */ ;
DELIMITER ;;
/*!50003 CREATE*/ /*!50017 DEFINER=`root`@`localhost`*/ /*!50003 TRIGGER `carga_ad` AFTER DELETE ON `carga_familiar` FOR EACH ROW INSERT INTO bitacora (accion, fecha_hora, tabla) VALUES ('DELETE',NOW(), 'CARGA_FAMILIAR') */;;
DELIMITER ;
/*!50003 SET sql_mode              = @saved_sql_mode */ ;
/*!50003 SET character_set_client  = @saved_cs_client */ ;
/*!50003 SET character_set_results = @saved_cs_results */ ;
/*!50003 SET collation_connection  = @saved_col_connection */ ;
DROP TABLE IF EXISTS `cepir`;
/*!40101 SET @saved_cs_client     = @@character_set_client */;
/*!40101 SET character_set_client = utf8 */;
CREATE TABLE `cepir` (
  `id` int(11) NOT NULL AUTO_INCREMENT,
  `nombre_proyecto` varchar(150) NOT NULL,
  `ncontrato` varchar(20) NOT NULL,
  `agremiado_id` int(11) DEFAULT NULL,
  `instituto_id` int(11) DEFAULT NULL,
  `empresa_id` int(11) DEFAULT NULL,
  `monto_letras` varchar(255) DEFAULT NULL,
  `monto_num` int(11) DEFAULT NULL,
  `codigo` varchar(100) DEFAULT NULL,
  `status` varchar(15) DEFAULT NULL,
  `deleted_at` timestamp NULL DEFAULT NULL,
  `created_at` timestamp NULL DEFAULT NULL,
  `updated_at` timestamp NULL DEFAULT NULL,
  PRIMARY KEY (`id`),
  KEY `agremiado_id` (`agremiado_id`),
  KEY `instituto_id` (`instituto_id`),
  KEY `empresa_id` (`empresa_id`)
) ENGINE=InnoDB AUTO_INCREMENT=29 DEFAULT CHARSET=latin1;
/*!40101 SET character_set_client = @saved_cs_client */;

LOCK TABLES `cepir` WRITE;
/*!40000 ALTER TABLE `cepir` DISABLE KEYS */;
INSERT INTO `cepir` VALUES (20,'NOMBRE DEL PROYECTO','IVOPEY-CD-O-2019-039',9,26,3,'TREINTA NUEVE MILLON NUEVE CIENTO MIL',39900000,NULL,'DEUDOR','2019-11-04 17:58:41','2019-07-27 11:36:48','2019-11-04 17:58:41'),(21,'RESTAURACION INCES','NSDD02203IAAA',9,28,8,'DOS MILLON',2000000,NULL,'DEUDOR','2019-11-04 17:58:48','2019-07-28 07:57:08','2019-11-04 17:58:48'),(22,'CONSTRUCCION DE ESTADIO METROPOLITANO DE CHIVACOA','IA-12-PE-25',25,30,4,'TRES MILLON',3000000,NULL,'SOLVENTE','2019-11-04 17:58:53','2019-07-28 12:01:46','2019-11-04 17:58:53'),(23,'RESTAURACION UNEY','23-UNE-ALCA-II',10,24,5,'NUEVE CIENTOS NOVENTA NUEVE MILLON NUEVE CIENTOS NOVENTA NUEVE MIL NUEVE CIENTOS NOVENTA NUEVE',999999999,NULL,'DEUDOR','2019-11-04 17:58:58','2019-07-28 18:55:58','2019-11-04 17:58:58'),(24,'LEVANTAMIENTO DE PARED EN EL IUTY','CSI042432',68,29,11,'UNO MILLON',1000000,NULL,'SOLVENTE',NULL,'2019-11-02 19:27:50','2019-11-02 19:27:50'),(25,'RESTAURACION INCES','23-UNE-ALCA-II',52,26,3,'CUATROS CIENTOS CINCUENTA MIL',450000,NULL,'SOLVENTE',NULL,'2019-11-03 08:16:27','2019-11-03 08:16:27'),(26,'LEVANTAMIENTO DE PARED EN EL INCES','8943',68,26,3,'CUARENTA CINCO MIL',45000,NULL,'SOLVENTE',NULL,'2019-11-04 16:50:35','2019-11-04 16:50:35'),(27,'RESTRUCTURACION DE PARDES','13246657',50,25,9,'VEINTE CUATROS MIL SEIS CIENTOS SESENTA SEIS',24666,NULL,'SOLVENTE',NULL,'2019-11-06 18:55:55','2019-11-06 18:55:55'),(28,'RESTRUCTURACION DE PARDES EN CUARTO','13246657',48,26,3,NULL,24666,NULL,'SOLVENTE',NULL,'2019-11-16 16:56:03','2019-11-16 16:56:03');
/*!40000 ALTER TABLE `cepir` ENABLE KEYS */;
UNLOCK TABLES;
DROP TABLE IF EXISTS `configuracion`;
/*!40101 SET @saved_cs_client     = @@character_set_client */;
/*!40101 SET character_set_client = utf8 */;
CREATE TABLE `configuracion` (
  `id` int(10) NOT NULL AUTO_INCREMENT,
  `nombre` varchar(50) NOT NULL,
  `logo` varchar(140) NOT NULL DEFAULT 'images/logo.PNG',
  `ubicacion_institucion` varchar(50) DEFAULT NULL,
  `created_at` timestamp NULL DEFAULT NULL ON UPDATE CURRENT_TIMESTAMP,
  `deleted_at` date DEFAULT NULL,
  `updated_at` timestamp NULL DEFAULT NULL ON UPDATE CURRENT_TIMESTAMP,
  `agremiado_id` int(11) NOT NULL,
  `sueldo_minimo` varchar(50) NOT NULL,
  PRIMARY KEY (`id`)
) ENGINE=InnoDB AUTO_INCREMENT=4 DEFAULT CHARSET=latin1;
/*!40101 SET character_set_client = @saved_cs_client */;

LOCK TABLES `configuracion` WRITE;
/*!40000 ALTER TABLE `configuracion` DISABLE KEYS */;
/*!40000 ALTER TABLE `configuracion` ENABLE KEYS */;
UNLOCK TABLES;
DROP TABLE IF EXISTS `criterio`;
/*!40101 SET @saved_cs_client     = @@character_set_client */;
/*!40101 SET character_set_client = utf8 */;
CREATE TABLE `criterio` (
  `id` int(11) NOT NULL,
  `nombre` varchar(30) NOT NULL,
  `consulta` varchar(255) NOT NULL,
  `users_id` int(11) NOT NULL,
  `created_at` timestamp NOT NULL DEFAULT CURRENT_TIMESTAMP,
  `updated_at` timestamp NOT NULL DEFAULT CURRENT_TIMESTAMP,
  `deleted_at` timestamp NULL DEFAULT NULL,
  KEY `users_id` (`users_id`)
) ENGINE=InnoDB DEFAULT CHARSET=latin1;
/*!40101 SET character_set_client = @saved_cs_client */;

LOCK TABLES `criterio` WRITE;
/*!40000 ALTER TABLE `criterio` DISABLE KEYS */;
/*!40000 ALTER TABLE `criterio` ENABLE KEYS */;
UNLOCK TABLES;
DROP TABLE IF EXISTS `empresa`;
/*!40101 SET @saved_cs_client     = @@character_set_client */;
/*!40101 SET character_set_client = utf8 */;
CREATE TABLE `empresa` (
  `id` int(11) NOT NULL AUTO_INCREMENT,
  `nombre` varchar(255) NOT NULL,
  `created_at` timestamp NULL DEFAULT NULL,
  `updated_at` timestamp NULL DEFAULT NULL,
  `deleted_at` timestamp NULL DEFAULT NULL,
  PRIMARY KEY (`id`)
) ENGINE=InnoDB AUTO_INCREMENT=12 DEFAULT CHARSET=latin1;
/*!40101 SET character_set_client = @saved_cs_client */;

LOCK TABLES `empresa` WRITE;
/*!40000 ALTER TABLE `empresa` DISABLE KEYS */;
INSERT INTO `empresa` VALUES (1,'POLICLINICA SAN FELIPE CA','2019-06-28 01:00:49','2019-07-29 03:39:35',NULL),(2,'GALFA CA','2019-07-03 03:19:50','2019-07-03 03:19:50',NULL),(3,'CADIZA CA','2019-07-03 03:20:02','2019-07-03 03:20:02',NULL),(4,'ELMONT CA','2019-07-03 03:21:50','2019-07-03 03:21:50',NULL),(5,'COVIUR CA','2019-07-09 23:11:41','2019-07-09 23:11:41',NULL),(6,'ESPROCONCA CA','2019-07-09 23:12:00','2019-07-09 23:12:00',NULL),(7,'INVERSIONES KM CA','2019-07-09 23:12:17','2019-07-09 23:12:17',NULL),(8,'INVERSIONES CARBONERO CA','2019-07-09 23:12:37','2019-07-09 23:12:37',NULL),(9,'CONSTRUCTORA BEYAN CA','2019-07-09 23:13:26','2019-07-09 23:13:26',NULL),(10,'CONSTRUCCIONES CAMARGOF CA','2019-07-09 23:14:28','2019-07-09 23:14:28',NULL),(11,'CONSTRUCTORA LOBATERA CA','2019-07-09 23:15:53','2019-07-09 23:15:53',NULL);
/*!40000 ALTER TABLE `empresa` ENABLE KEYS */;
UNLOCK TABLES;
DROP TABLE IF EXISTS `especialidad`;
/*!40101 SET @saved_cs_client     = @@character_set_client */;
/*!40101 SET character_set_client = utf8 */;
CREATE TABLE `especialidad` (
  `id` int(11) NOT NULL AUTO_INCREMENT,
  `nombre` varchar(50) NOT NULL,
  `deleted_at` timestamp NULL DEFAULT NULL,
  `created_at` timestamp NULL DEFAULT NULL,
  `updated_at` timestamp NULL DEFAULT NULL,
  PRIMARY KEY (`id`)
) ENGINE=InnoDB AUTO_INCREMENT=32 DEFAULT CHARSET=latin1;
/*!40101 SET character_set_client = @saved_cs_client */;

LOCK TABLES `especialidad` WRITE;
/*!40000 ALTER TABLE `especialidad` DISABLE KEYS */;
INSERT INTO `especialidad` VALUES (1,'ING INFORMATICA',NULL,'0000-00-00 00:00:00','2019-04-23 17:34:56'),(4,'ARQUITECTURAS','2019-07-03 17:56:00','2019-04-10 17:53:01','2019-07-03 17:56:00'),(11,'ING ELECTRICO',NULL,'2019-04-29 08:07:53','2019-11-04 18:45:03'),(12,'ING INDUSTRIAL',NULL,'2019-04-29 08:08:01','2019-04-29 08:08:01'),(16,'ELECTRONICA','2019-07-03 17:42:58','2019-04-29 17:38:06','2019-07-03 17:42:58'),(17,'COMUNICACION','2019-06-21 05:53:25','2019-05-03 17:09:07','2019-06-21 05:53:25'),(18,'ING PETROQUIMICA',NULL,'2019-05-13 17:52:57','2019-05-13 17:52:57'),(19,'ING BIOMEDICO',NULL,'2019-05-28 20:56:48','2019-05-28 20:58:15'),(20,'ING CIVIL',NULL,'2019-05-28 21:04:43','2019-05-28 21:04:43'),(21,'ING QUIMICO',NULL,'2019-05-28 21:55:44','2019-05-28 21:55:44'),(22,'ING SISTEMA',NULL,'2019-07-09 22:59:50','2019-07-09 22:59:50'),(23,'ING AGRONOMO',NULL,'2019-07-09 23:00:06','2019-07-09 23:00:06'),(24,'ING AGROINDUSTRIAL',NULL,'2019-07-09 23:00:23','2019-07-09 23:00:23'),(25,'ING AGROALIMENTACION',NULL,'2019-07-09 23:01:53','2019-07-09 23:01:53'),(27,'ING PESQUERO',NULL,'2019-07-09 23:04:58','2019-07-09 23:04:58'),(28,'ING PROCESOS QUIMICOS',NULL,'2019-07-16 18:58:37','2019-07-16 18:58:37'),(29,'ING DE RECURSOS','2019-07-22 17:44:56','2019-07-22 17:43:45','2019-07-22 17:44:56'),(30,'ING MECANICA',NULL,'2019-07-29 03:50:11','2019-07-29 03:50:11'),(31,'ARQUITECTO',NULL,'2019-11-04 18:43:10','2019-11-04 18:43:10');
/*!40000 ALTER TABLE `especialidad` ENABLE KEYS */;
UNLOCK TABLES;
/*!50003 SET @saved_cs_client      = @@character_set_client */ ;
/*!50003 SET @saved_cs_results     = @@character_set_results */ ;
/*!50003 SET @saved_col_connection = @@collation_connection */ ;
/*!50003 SET character_set_client  = utf8mb4 */ ;
/*!50003 SET character_set_results = utf8mb4 */ ;
/*!50003 SET collation_connection  = utf8mb4_general_ci */ ;
/*!50003 SET @saved_sql_mode       = @@sql_mode */ ;
/*!50003 SET sql_mode              = 'NO_AUTO_VALUE_ON_ZERO' */ ;
DELIMITER ;;
/*!50003 CREATE*/ /*!50017 DEFINER=`root`@`localhost`*/ /*!50003 TRIGGER `especialidad_ai` AFTER INSERT ON `especialidad` FOR EACH ROW INSERT INTO bitacora (accion, fecha_hora, tabla) VALUES ('INSERT',NOW(), 'ESPECIALIDAD') */;;
DELIMITER ;
/*!50003 SET sql_mode              = @saved_sql_mode */ ;
/*!50003 SET character_set_client  = @saved_cs_client */ ;
/*!50003 SET character_set_results = @saved_cs_results */ ;
/*!50003 SET collation_connection  = @saved_col_connection */ ;
/*!50003 SET @saved_cs_client      = @@character_set_client */ ;
/*!50003 SET @saved_cs_results     = @@character_set_results */ ;
/*!50003 SET @saved_col_connection = @@collation_connection */ ;
/*!50003 SET character_set_client  = utf8mb4 */ ;
/*!50003 SET character_set_results = utf8mb4 */ ;
/*!50003 SET collation_connection  = utf8mb4_general_ci */ ;
/*!50003 SET @saved_sql_mode       = @@sql_mode */ ;
/*!50003 SET sql_mode              = 'NO_AUTO_VALUE_ON_ZERO' */ ;
DELIMITER ;;
/*!50003 CREATE*/ /*!50017 DEFINER=`root`@`localhost`*/ /*!50003 TRIGGER `especialidad_au` AFTER UPDATE ON `especialidad` FOR EACH ROW INSERT INTO bitacora (accion, fecha_hora, tabla) VALUES ('UPDATE',NOW(), 'ESPECIALIDAD') */;;
DELIMITER ;
/*!50003 SET sql_mode              = @saved_sql_mode */ ;
/*!50003 SET character_set_client  = @saved_cs_client */ ;
/*!50003 SET character_set_results = @saved_cs_results */ ;
/*!50003 SET collation_connection  = @saved_col_connection */ ;
/*!50003 SET @saved_cs_client      = @@character_set_client */ ;
/*!50003 SET @saved_cs_results     = @@character_set_results */ ;
/*!50003 SET @saved_col_connection = @@collation_connection */ ;
/*!50003 SET character_set_client  = utf8mb4 */ ;
/*!50003 SET character_set_results = utf8mb4 */ ;
/*!50003 SET collation_connection  = utf8mb4_general_ci */ ;
/*!50003 SET @saved_sql_mode       = @@sql_mode */ ;
/*!50003 SET sql_mode              = 'NO_AUTO_VALUE_ON_ZERO' */ ;
DELIMITER ;;
/*!50003 CREATE*/ /*!50017 DEFINER=`root`@`localhost`*/ /*!50003 TRIGGER `especialidad_ad` AFTER DELETE ON `especialidad` FOR EACH ROW INSERT INTO bitacora (accion, fecha_hora, tabla) VALUES ('DELETE',NOW(), 'ESPECIALIDAD') */;;
DELIMITER ;
/*!50003 SET sql_mode              = @saved_sql_mode */ ;
/*!50003 SET character_set_client  = @saved_cs_client */ ;
/*!50003 SET character_set_results = @saved_cs_results */ ;
/*!50003 SET collation_connection  = @saved_col_connection */ ;
DROP TABLE IF EXISTS `estacion`;
/*!40101 SET @saved_cs_client     = @@character_set_client */;
/*!40101 SET character_set_client = utf8 */;
CREATE TABLE `estacion` (
  `id` int(11) NOT NULL AUTO_INCREMENT,
  `ruta` varchar(150) DEFAULT NULL,
  PRIMARY KEY (`id`)
) ENGINE=InnoDB DEFAULT CHARSET=latin1;
/*!40101 SET character_set_client = @saved_cs_client */;

LOCK TABLES `estacion` WRITE;
/*!40000 ALTER TABLE `estacion` DISABLE KEYS */;
/*!40000 ALTER TABLE `estacion` ENABLE KEYS */;
UNLOCK TABLES;
DROP TABLE IF EXISTS `instituto`;
/*!40101 SET @saved_cs_client     = @@character_set_client */;
/*!40101 SET character_set_client = utf8 */;
CREATE TABLE `instituto` (
  `id` int(11) NOT NULL AUTO_INCREMENT,
  `nombre` varchar(30) NOT NULL,
  `updated_at` timestamp NULL DEFAULT '0000-00-00 00:00:00',
  `created_at` timestamp NULL DEFAULT '0000-00-00 00:00:00',
  `deleted_at` timestamp NULL DEFAULT NULL,
  PRIMARY KEY (`id`)
) ENGINE=InnoDB AUTO_INCREMENT=32 DEFAULT CHARSET=latin1;
/*!40101 SET character_set_client = @saved_cs_client */;

LOCK TABLES `instituto` WRITE;
/*!40000 ALTER TABLE `instituto` DISABLE KEYS */;
INSERT INTO `instituto` VALUES (5,'GALFA','2019-07-03 03:22:01','2019-04-25 01:09:17','2019-07-03 03:22:01'),(10,'CADIZA C.A','2019-07-03 03:22:06','2019-04-29 07:54:36','2019-07-03 03:22:06'),(11,'POLICLINICA SF','2019-05-31 06:09:24','2019-04-29 07:54:48','2019-05-31 06:09:24'),(12,'MPPOOT','2019-05-31 06:12:01','2019-04-29 07:55:04','2019-05-31 06:12:01'),(13,'MINFRA','2019-05-31 03:20:58','2019-04-29 07:55:13','2019-05-31 03:20:58'),(14,'ODONTOLOGIA','2019-04-29 16:54:42','2019-04-29 07:55:23','2019-04-29 16:54:42'),(15,'TONYSU','2019-04-29 16:54:49','2019-04-29 07:55:31','2019-04-29 16:54:49'),(16,'CAREDAD','2019-04-29 16:55:01','2019-04-29 07:55:38','2019-04-29 16:55:01'),(17,'RESORTE','2019-04-29 16:54:55','2019-04-29 07:56:50','2019-04-29 16:54:55'),(18,'ROPIUST','2019-04-29 16:55:06','2019-04-29 07:57:06','2019-04-29 16:55:06'),(19,'RUNESCAPE','2019-04-29 16:54:34','2019-04-29 07:57:37','2019-04-29 16:54:34'),(20,'RICHARDFOTOS','2019-05-31 03:21:04','2019-05-01 02:40:56','2019-05-31 03:21:04'),(21,'MPPTOP','2019-05-31 03:21:10','2019-05-20 21:37:07','2019-05-31 03:21:10'),(22,'IUTYO','2019-05-31 06:08:46','2019-05-24 19:41:38','2019-05-31 06:08:46'),(23,'UCLA','2019-05-31 17:29:44','2019-05-31 17:29:26','2019-05-31 17:29:44'),(24,'MPPOTP','2019-07-03 03:22:21','2019-07-03 03:22:21',NULL),(25,'ALCALDIA DE SAN FELIPE','2019-07-03 03:22:37','2019-07-03 03:22:37',NULL),(26,'ALCALDIA DE INDEPENDENCIA','2019-07-03 03:22:52','2019-07-03 03:22:52',NULL),(27,'INAVIS','2019-07-09 23:06:06','2019-07-03 03:23:07','2019-07-09 23:06:06'),(28,'IHAVEY','2019-07-03 03:23:37','2019-07-03 03:23:37',NULL),(29,'IVOPEY','2019-07-09 23:06:51','2019-07-09 23:06:51',NULL),(30,'SECRETARIA DE INFRAESTRUCTURA','2019-07-09 23:08:30','2019-07-09 23:08:30',NULL),(31,'MINVIH','2019-07-09 23:08:52','2019-07-09 23:08:52',NULL);
/*!40000 ALTER TABLE `instituto` ENABLE KEYS */;
UNLOCK TABLES;
/*!50003 SET @saved_cs_client      = @@character_set_client */ ;
/*!50003 SET @saved_cs_results     = @@character_set_results */ ;
/*!50003 SET @saved_col_connection = @@collation_connection */ ;
/*!50003 SET character_set_client  = utf8mb4 */ ;
/*!50003 SET character_set_results = utf8mb4 */ ;
/*!50003 SET collation_connection  = utf8mb4_general_ci */ ;
/*!50003 SET @saved_sql_mode       = @@sql_mode */ ;
/*!50003 SET sql_mode              = 'NO_AUTO_VALUE_ON_ZERO' */ ;
DELIMITER ;;
/*!50003 CREATE*/ /*!50017 DEFINER=`root`@`localhost`*/ /*!50003 TRIGGER `instituto_ai` AFTER INSERT ON `instituto` FOR EACH ROW INSERT INTO bitacora (accion, fecha_hora, tabla) VALUES ('INSERT',NOW(), 'INSTITUTO') */;;
DELIMITER ;
/*!50003 SET sql_mode              = @saved_sql_mode */ ;
/*!50003 SET character_set_client  = @saved_cs_client */ ;
/*!50003 SET character_set_results = @saved_cs_results */ ;
/*!50003 SET collation_connection  = @saved_col_connection */ ;
/*!50003 SET @saved_cs_client      = @@character_set_client */ ;
/*!50003 SET @saved_cs_results     = @@character_set_results */ ;
/*!50003 SET @saved_col_connection = @@collation_connection */ ;
/*!50003 SET character_set_client  = utf8mb4 */ ;
/*!50003 SET character_set_results = utf8mb4 */ ;
/*!50003 SET collation_connection  = utf8mb4_general_ci */ ;
/*!50003 SET @saved_sql_mode       = @@sql_mode */ ;
/*!50003 SET sql_mode              = 'NO_AUTO_VALUE_ON_ZERO' */ ;
DELIMITER ;;
/*!50003 CREATE*/ /*!50017 DEFINER=`root`@`localhost`*/ /*!50003 TRIGGER `alochas` AFTER UPDATE ON `instituto` FOR EACH ROW BEGIN
    IF NEW.deleted_at is not null THEN BEGIN
        INSERT INTO bitacora (accion, fecha_hora, tabla) VALUES ('DELETE',NOW(), 'INSTITUTO');
    END;
    END IF;
END */;;
DELIMITER ;
/*!50003 SET sql_mode              = @saved_sql_mode */ ;
/*!50003 SET character_set_client  = @saved_cs_client */ ;
/*!50003 SET character_set_results = @saved_cs_results */ ;
/*!50003 SET collation_connection  = @saved_col_connection */ ;
/*!50003 SET @saved_cs_client      = @@character_set_client */ ;
/*!50003 SET @saved_cs_results     = @@character_set_results */ ;
/*!50003 SET @saved_col_connection = @@collation_connection */ ;
/*!50003 SET character_set_client  = utf8mb4 */ ;
/*!50003 SET character_set_results = utf8mb4 */ ;
/*!50003 SET collation_connection  = utf8mb4_general_ci */ ;
/*!50003 SET @saved_sql_mode       = @@sql_mode */ ;
/*!50003 SET sql_mode              = 'NO_AUTO_VALUE_ON_ZERO' */ ;
DELIMITER ;;
/*!50003 CREATE*/ /*!50017 DEFINER=`root`@`localhost`*/ /*!50003 TRIGGER `instituto_au` AFTER UPDATE ON `instituto` FOR EACH ROW BEGIN
    IF NEW.deleted_at is null THEN BEGIN
        INSERT INTO bitacora (accion, fecha_hora, tabla) VALUES ('UPDATE',NOW(), 'INSTITUTO');
    END;
    END IF;
END */;;
DELIMITER ;
/*!50003 SET sql_mode              = @saved_sql_mode */ ;
/*!50003 SET character_set_client  = @saved_cs_client */ ;
/*!50003 SET character_set_results = @saved_cs_results */ ;
/*!50003 SET collation_connection  = @saved_col_connection */ ;
/*!50003 SET @saved_cs_client      = @@character_set_client */ ;
/*!50003 SET @saved_cs_results     = @@character_set_results */ ;
/*!50003 SET @saved_col_connection = @@collation_connection */ ;
/*!50003 SET character_set_client  = utf8mb4 */ ;
/*!50003 SET character_set_results = utf8mb4 */ ;
/*!50003 SET collation_connection  = utf8mb4_general_ci */ ;
/*!50003 SET @saved_sql_mode       = @@sql_mode */ ;
/*!50003 SET sql_mode              = 'NO_AUTO_VALUE_ON_ZERO' */ ;
DELIMITER ;;
/*!50003 CREATE*/ /*!50017 DEFINER=`root`@`localhost`*/ /*!50003 TRIGGER `instituto_ad` AFTER DELETE ON `instituto` FOR EACH ROW INSERT INTO bitacora (accion, fecha_hora, tabla) VALUES ('DELETE',NOW(), 'INSTITUTO') */;;
DELIMITER ;
/*!50003 SET sql_mode              = @saved_sql_mode */ ;
/*!50003 SET character_set_client  = @saved_cs_client */ ;
/*!50003 SET character_set_results = @saved_cs_results */ ;
/*!50003 SET collation_connection  = @saved_col_connection */ ;
DROP TABLE IF EXISTS `instrumento`;
/*!40101 SET @saved_cs_client     = @@character_set_client */;
/*!40101 SET character_set_client = utf8 */;
CREATE TABLE `instrumento` (
  `id` int(11) NOT NULL AUTO_INCREMENT,
  `nombre` varchar(20) NOT NULL,
  `descripcion` varchar(50) NOT NULL,
  `especialidad_id` int(11) NOT NULL,
  `created_at` timestamp NULL DEFAULT NULL,
  `updated_at` timestamp NULL DEFAULT NULL,
  `deleted_at` timestamp NULL DEFAULT NULL,
  PRIMARY KEY (`id`),
  KEY `especialidad_id` (`especialidad_id`)
) ENGINE=InnoDB AUTO_INCREMENT=14 DEFAULT CHARSET=latin1;
/*!40101 SET character_set_client = @saved_cs_client */;

LOCK TABLES `instrumento` WRITE;
/*!40000 ALTER TABLE `instrumento` DISABLE KEYS */;
INSERT INTO `instrumento` VALUES (1,'A33','PARED RUSTICA',0,NULL,'2019-04-23 17:45:36','2019-04-23 17:45:36'),(2,'E323','TOMA CORRIENTE',0,NULL,'2019-04-27 20:06:19','2019-04-27 20:06:19'),(3,'A33','PISO DE MARMOL',0,'2019-04-22 17:03:39','2019-10-31 06:09:43','2019-10-31 06:09:43'),(4,'CI53','LJ',0,'2019-04-27 20:06:13','2019-06-09 16:58:51','2019-06-09 16:58:51'),(5,'IE-3','TOMACORRIENTES ESPECIALES',0,'2019-05-28 22:28:45','2019-10-31 06:09:48','2019-10-31 06:09:48'),(6,'AE-002','PISO',0,'2019-06-09 16:58:44','2019-10-31 06:09:52','2019-10-31 06:09:52'),(7,'TECHO MADERA','TECHO DE MACHIHEMBRADO',0,'2019-06-11 17:02:06','2019-10-31 06:09:38','2019-10-31 06:09:38'),(8,'A10','PARED RUSTICA',20,'2019-10-31 06:08:40','2019-11-04 18:21:21','2019-11-04 18:21:21'),(9,'E02','CABLE DE CORRIENTEALTERNA',11,'2019-10-31 06:09:29','2019-11-04 18:21:27','2019-11-04 18:21:27'),(10,'ESTRUCTURA','FUNDACIONES',20,'2019-11-04 18:39:09','2019-11-04 18:39:09',NULL),(11,'ARQUITECTURA','FACHADA',31,'2019-11-04 18:43:59','2019-11-04 18:43:59',NULL),(12,'INST ELECTRICAS','ACOMETIDAS',31,'2019-11-04 18:47:16','2019-11-04 18:48:34',NULL),(13,'COLUMNAS','DETALLR DE FUNDACIONES',31,'2019-11-13 20:25:10','2019-11-13 20:25:10',NULL);
/*!40000 ALTER TABLE `instrumento` ENABLE KEYS */;
UNLOCK TABLES;
/*!50003 SET @saved_cs_client      = @@character_set_client */ ;
/*!50003 SET @saved_cs_results     = @@character_set_results */ ;
/*!50003 SET @saved_col_connection = @@collation_connection */ ;
/*!50003 SET character_set_client  = utf8mb4 */ ;
/*!50003 SET character_set_results = utf8mb4 */ ;
/*!50003 SET collation_connection  = utf8mb4_general_ci */ ;
/*!50003 SET @saved_sql_mode       = @@sql_mode */ ;
/*!50003 SET sql_mode              = 'NO_AUTO_VALUE_ON_ZERO' */ ;
DELIMITER ;;
/*!50003 CREATE*/ /*!50017 DEFINER=`root`@`localhost`*/ /*!50003 TRIGGER `instrumento_ai` AFTER INSERT ON `instrumento` FOR EACH ROW INSERT INTO bitacora (accion, fecha_hora, tabla) VALUES ('INSERT',NOW(), 'INSTRUMENTO') */;;
DELIMITER ;
/*!50003 SET sql_mode              = @saved_sql_mode */ ;
/*!50003 SET character_set_client  = @saved_cs_client */ ;
/*!50003 SET character_set_results = @saved_cs_results */ ;
/*!50003 SET collation_connection  = @saved_col_connection */ ;
/*!50003 SET @saved_cs_client      = @@character_set_client */ ;
/*!50003 SET @saved_cs_results     = @@character_set_results */ ;
/*!50003 SET @saved_col_connection = @@collation_connection */ ;
/*!50003 SET character_set_client  = utf8mb4 */ ;
/*!50003 SET character_set_results = utf8mb4 */ ;
/*!50003 SET collation_connection  = utf8mb4_general_ci */ ;
/*!50003 SET @saved_sql_mode       = @@sql_mode */ ;
/*!50003 SET sql_mode              = 'NO_AUTO_VALUE_ON_ZERO' */ ;
DELIMITER ;;
/*!50003 CREATE*/ /*!50017 DEFINER=`root`@`localhost`*/ /*!50003 TRIGGER `instrumento_au` AFTER UPDATE ON `instrumento` FOR EACH ROW INSERT INTO bitacora (accion, fecha_hora, tabla) VALUES ('UPDATE',NOW(), 'INSTRUMENTO') */;;
DELIMITER ;
/*!50003 SET sql_mode              = @saved_sql_mode */ ;
/*!50003 SET character_set_client  = @saved_cs_client */ ;
/*!50003 SET character_set_results = @saved_cs_results */ ;
/*!50003 SET collation_connection  = @saved_col_connection */ ;
/*!50003 SET @saved_cs_client      = @@character_set_client */ ;
/*!50003 SET @saved_cs_results     = @@character_set_results */ ;
/*!50003 SET @saved_col_connection = @@collation_connection */ ;
/*!50003 SET character_set_client  = utf8mb4 */ ;
/*!50003 SET character_set_results = utf8mb4 */ ;
/*!50003 SET collation_connection  = utf8mb4_general_ci */ ;
/*!50003 SET @saved_sql_mode       = @@sql_mode */ ;
/*!50003 SET sql_mode              = 'NO_AUTO_VALUE_ON_ZERO' */ ;
DELIMITER ;;
/*!50003 CREATE*/ /*!50017 DEFINER=`root`@`localhost`*/ /*!50003 TRIGGER `instrumento_ad` AFTER DELETE ON `instrumento` FOR EACH ROW INSERT INTO bitacora (accion, fecha_hora, tabla) VALUES ('DELETE',NOW(), 'INSTRUMENTO') */;;
DELIMITER ;
/*!50003 SET sql_mode              = @saved_sql_mode */ ;
/*!50003 SET character_set_client  = @saved_cs_client */ ;
/*!50003 SET character_set_results = @saved_cs_results */ ;
/*!50003 SET collation_connection  = @saved_col_connection */ ;
DROP TABLE IF EXISTS `instrumento_clasificacion`;
/*!40101 SET @saved_cs_client     = @@character_set_client */;
/*!40101 SET character_set_client = utf8 */;
CREATE TABLE `instrumento_clasificacion` (
  `id` int(11) NOT NULL AUTO_INCREMENT,
  `nombre` varchar(20) NOT NULL,
  `created_at` timestamp NULL DEFAULT NULL,
  `updated_at` timestamp NULL DEFAULT NULL,
  `deleted_at` timestamp NULL DEFAULT NULL,
  PRIMARY KEY (`id`)
) ENGINE=InnoDB AUTO_INCREMENT=3 DEFAULT CHARSET=latin1;
/*!40101 SET character_set_client = @saved_cs_client */;

LOCK TABLES `instrumento_clasificacion` WRITE;
/*!40000 ALTER TABLE `instrumento_clasificacion` DISABLE KEYS */;
INSERT INTO `instrumento_clasificacion` VALUES (1,'ARQUITECTURA',NULL,NULL,NULL),(2,'ELECTRICIDAD',NULL,NULL,NULL);
/*!40000 ALTER TABLE `instrumento_clasificacion` ENABLE KEYS */;
UNLOCK TABLES;
/*!50003 SET @saved_cs_client      = @@character_set_client */ ;
/*!50003 SET @saved_cs_results     = @@character_set_results */ ;
/*!50003 SET @saved_col_connection = @@collation_connection */ ;
/*!50003 SET character_set_client  = utf8mb4 */ ;
/*!50003 SET character_set_results = utf8mb4 */ ;
/*!50003 SET collation_connection  = utf8mb4_general_ci */ ;
/*!50003 SET @saved_sql_mode       = @@sql_mode */ ;
/*!50003 SET sql_mode              = 'NO_AUTO_VALUE_ON_ZERO' */ ;
DELIMITER ;;
/*!50003 CREATE*/ /*!50017 DEFINER=`root`@`localhost`*/ /*!50003 TRIGGER `inscla_ai` AFTER INSERT ON `instrumento_clasificacion` FOR EACH ROW INSERT INTO bitacora (accion, fecha_hora, tabla) VALUES ('INSERT',NOW(), 'INSTRUMENTO_CLASIFICACION') */;;
DELIMITER ;
/*!50003 SET sql_mode              = @saved_sql_mode */ ;
/*!50003 SET character_set_client  = @saved_cs_client */ ;
/*!50003 SET character_set_results = @saved_cs_results */ ;
/*!50003 SET collation_connection  = @saved_col_connection */ ;
/*!50003 SET @saved_cs_client      = @@character_set_client */ ;
/*!50003 SET @saved_cs_results     = @@character_set_results */ ;
/*!50003 SET @saved_col_connection = @@collation_connection */ ;
/*!50003 SET character_set_client  = utf8mb4 */ ;
/*!50003 SET character_set_results = utf8mb4 */ ;
/*!50003 SET collation_connection  = utf8mb4_general_ci */ ;
/*!50003 SET @saved_sql_mode       = @@sql_mode */ ;
/*!50003 SET sql_mode              = 'NO_AUTO_VALUE_ON_ZERO' */ ;
DELIMITER ;;
/*!50003 CREATE*/ /*!50017 DEFINER=`root`@`localhost`*/ /*!50003 TRIGGER `inscla_au` AFTER UPDATE ON `instrumento_clasificacion` FOR EACH ROW INSERT INTO bitacora (accion, fecha_hora, tabla) VALUES ('UPDATE',NOW(), 'INSTRUMENTO_CLASIFICACION') */;;
DELIMITER ;
/*!50003 SET sql_mode              = @saved_sql_mode */ ;
/*!50003 SET character_set_client  = @saved_cs_client */ ;
/*!50003 SET character_set_results = @saved_cs_results */ ;
/*!50003 SET collation_connection  = @saved_col_connection */ ;
/*!50003 SET @saved_cs_client      = @@character_set_client */ ;
/*!50003 SET @saved_cs_results     = @@character_set_results */ ;
/*!50003 SET @saved_col_connection = @@collation_connection */ ;
/*!50003 SET character_set_client  = utf8mb4 */ ;
/*!50003 SET character_set_results = utf8mb4 */ ;
/*!50003 SET collation_connection  = utf8mb4_general_ci */ ;
/*!50003 SET @saved_sql_mode       = @@sql_mode */ ;
/*!50003 SET sql_mode              = 'NO_AUTO_VALUE_ON_ZERO' */ ;
DELIMITER ;;
/*!50003 CREATE*/ /*!50017 DEFINER=`root`@`localhost`*/ /*!50003 TRIGGER `inscla_ad` AFTER DELETE ON `instrumento_clasificacion` FOR EACH ROW INSERT INTO bitacora (accion, fecha_hora, tabla) VALUES ('DELETE',NOW(), 'INSTRUMENTO_CLASIFICACION') */;;
DELIMITER ;
/*!50003 SET sql_mode              = @saved_sql_mode */ ;
/*!50003 SET character_set_client  = @saved_cs_client */ ;
/*!50003 SET character_set_results = @saved_cs_results */ ;
/*!50003 SET collation_connection  = @saved_col_connection */ ;
DROP TABLE IF EXISTS `migrations`;
/*!40101 SET @saved_cs_client     = @@character_set_client */;
/*!40101 SET character_set_client = utf8 */;
CREATE TABLE `migrations` (
  `id` int(10) unsigned NOT NULL AUTO_INCREMENT,
  `migration` varchar(255) COLLATE utf8mb4_unicode_ci NOT NULL,
  `batch` int(11) NOT NULL,
  PRIMARY KEY (`id`)
) ENGINE=InnoDB AUTO_INCREMENT=28 DEFAULT CHARSET=utf8mb4 COLLATE=utf8mb4_unicode_ci;
/*!40101 SET character_set_client = @saved_cs_client */;

LOCK TABLES `migrations` WRITE;
/*!40000 ALTER TABLE `migrations` DISABLE KEYS */;
INSERT INTO `migrations` VALUES (1,'2019_03_18_234444_add_plano_table',1),(2,'2019_05_22_165143_create_permission_tables',2),(21,'2015_01_20_084450_create_roles_table',3),(22,'2015_01_20_084525_create_role_user_table',3),(23,'2015_01_24_080208_create_permissions_table',3),(24,'2015_01_24_080433_create_permission_role_table',3),(25,'2015_12_04_003040_add_special_role_column',3),(26,'2017_10_17_170735_create_permission_user_table',3),(27,'2019_05_19_000000_update_shinobi_integer_columns',4);
/*!40000 ALTER TABLE `migrations` ENABLE KEYS */;
UNLOCK TABLES;
DROP TABLE IF EXISTS `motivo`;
/*!40101 SET @saved_cs_client     = @@character_set_client */;
/*!40101 SET character_set_client = utf8 */;
CREATE TABLE `motivo` (
  `id` int(11) NOT NULL AUTO_INCREMENT,
  `nombre` varchar(50) COLLATE utf8_spanish_ci NOT NULL,
  `created_at` timestamp NOT NULL DEFAULT CURRENT_TIMESTAMP,
  `updated_at` timestamp NOT NULL DEFAULT CURRENT_TIMESTAMP,
  `deleted_at` timestamp NULL DEFAULT NULL,
  PRIMARY KEY (`id`),
  UNIQUE KEY `nombre` (`nombre`)
) ENGINE=InnoDB AUTO_INCREMENT=6 DEFAULT CHARSET=utf8 COLLATE=utf8_spanish_ci;
/*!40101 SET character_set_client = @saved_cs_client */;

LOCK TABLES `motivo` WRITE;
/*!40000 ALTER TABLE `motivo` DISABLE KEYS */;
INSERT INTO `motivo` VALUES (1,'RESTAURACIONES','2019-10-30 15:29:17','2019-10-30 15:32:55','2019-10-30 15:32:55'),(2,'RESTAURACION','2019-10-30 15:32:48','2019-10-30 15:32:48',NULL),(3,'AMPLIACION','2019-10-30 15:33:23','2019-10-30 15:33:23',NULL),(4,'REMODELACION','2019-10-30 15:33:35','2019-10-30 15:33:35',NULL),(5,'CONSTRUCCION','2019-10-30 15:33:56','2019-10-30 15:33:56',NULL);
/*!40000 ALTER TABLE `motivo` ENABLE KEYS */;
UNLOCK TABLES;
DROP TABLE IF EXISTS `pago`;
/*!40101 SET @saved_cs_client     = @@character_set_client */;
/*!40101 SET character_set_client = utf8 */;
CREATE TABLE `pago` (
  `id` int(11) NOT NULL AUTO_INCREMENT,
  `fecha` date NOT NULL,
  `referencia` varchar(20) NOT NULL,
  `monto` float NOT NULL,
  `nombre` varchar(30) DEFAULT NULL,
  `agremiado_id` int(11) DEFAULT NULL,
  `transaccion_id` int(11) DEFAULT NULL,
  `tipo_pago_id` int(11) DEFAULT NULL,
  `deleted_at` timestamp NULL DEFAULT CURRENT_TIMESTAMP ON UPDATE CURRENT_TIMESTAMP,
  `created_at` timestamp NULL DEFAULT CURRENT_TIMESTAMP ON UPDATE CURRENT_TIMESTAMP,
  `updated_at` timestamp NULL DEFAULT CURRENT_TIMESTAMP ON UPDATE CURRENT_TIMESTAMP,
  PRIMARY KEY (`id`),
  KEY `agremiado_id` (`agremiado_id`),
  KEY `transaccion_id` (`transaccion_id`) USING BTREE,
  KEY `tipo_pago_id` (`tipo_pago_id`),
  CONSTRAINT `pago_ibfk_1` FOREIGN KEY (`tipo_pago_id`) REFERENCES `tipo_pago` (`id`),
  CONSTRAINT `pago_ibfk_2` FOREIGN KEY (`agremiado_id`) REFERENCES `agremiado` (`id`)
) ENGINE=InnoDB AUTO_INCREMENT=2 DEFAULT CHARSET=latin1;
/*!40101 SET character_set_client = @saved_cs_client */;

LOCK TABLES `pago` WRITE;
/*!40000 ALTER TABLE `pago` DISABLE KEYS */;
INSERT INTO `pago` VALUES (1,'2019-05-03','233232',300,'NOMB',1,1,1,NULL,'2019-05-03 12:42:18','2019-05-03 12:42:18');
/*!40000 ALTER TABLE `pago` ENABLE KEYS */;
UNLOCK TABLES;
DROP TABLE IF EXISTS `parentesco`;
/*!40101 SET @saved_cs_client     = @@character_set_client */;
/*!40101 SET character_set_client = utf8 */;
CREATE TABLE `parentesco` (
  `id` int(11) NOT NULL AUTO_INCREMENT,
  `nombre` varchar(50) NOT NULL,
  `deleted_at` timestamp NULL DEFAULT NULL ON UPDATE CURRENT_TIMESTAMP,
  `created_at` timestamp NULL DEFAULT NULL ON UPDATE CURRENT_TIMESTAMP,
  `updated_at` timestamp NULL DEFAULT NULL ON UPDATE CURRENT_TIMESTAMP,
  PRIMARY KEY (`id`)
) ENGINE=InnoDB AUTO_INCREMENT=7 DEFAULT CHARSET=latin1;
/*!40101 SET character_set_client = @saved_cs_client */;

LOCK TABLES `parentesco` WRITE;
/*!40000 ALTER TABLE `parentesco` DISABLE KEYS */;
INSERT INTO `parentesco` VALUES (2,'MADRE',NULL,'2019-07-29 00:39:51','2019-07-29 00:39:51'),(3,'HIJO',NULL,'2019-04-27 20:06:46','2019-04-27 20:06:46'),(4,'HERMANO',NULL,'2019-05-05 23:03:06','2019-05-05 23:03:06'),(5,'PADRE',NULL,'2019-06-17 09:18:06','2019-06-17 09:18:06'),(6,'CONYUGUE',NULL,'2019-07-09 23:22:13','2019-07-09 23:22:13');
/*!40000 ALTER TABLE `parentesco` ENABLE KEYS */;
UNLOCK TABLES;
/*!50003 SET @saved_cs_client      = @@character_set_client */ ;
/*!50003 SET @saved_cs_results     = @@character_set_results */ ;
/*!50003 SET @saved_col_connection = @@collation_connection */ ;
/*!50003 SET character_set_client  = utf8mb4 */ ;
/*!50003 SET character_set_results = utf8mb4 */ ;
/*!50003 SET collation_connection  = utf8mb4_general_ci */ ;
/*!50003 SET @saved_sql_mode       = @@sql_mode */ ;
/*!50003 SET sql_mode              = 'NO_AUTO_VALUE_ON_ZERO' */ ;
DELIMITER ;;
/*!50003 CREATE*/ /*!50017 DEFINER=`root`@`localhost`*/ /*!50003 TRIGGER `parentesco_ai` AFTER INSERT ON `parentesco` FOR EACH ROW INSERT INTO bitacora (accion, fecha_hora, tabla) VALUES ('INSERT',NOW(), 'PARENTESCO') */;;
DELIMITER ;
/*!50003 SET sql_mode              = @saved_sql_mode */ ;
/*!50003 SET character_set_client  = @saved_cs_client */ ;
/*!50003 SET character_set_results = @saved_cs_results */ ;
/*!50003 SET collation_connection  = @saved_col_connection */ ;
/*!50003 SET @saved_cs_client      = @@character_set_client */ ;
/*!50003 SET @saved_cs_results     = @@character_set_results */ ;
/*!50003 SET @saved_col_connection = @@collation_connection */ ;
/*!50003 SET character_set_client  = utf8mb4 */ ;
/*!50003 SET character_set_results = utf8mb4 */ ;
/*!50003 SET collation_connection  = utf8mb4_general_ci */ ;
/*!50003 SET @saved_sql_mode       = @@sql_mode */ ;
/*!50003 SET sql_mode              = 'NO_AUTO_VALUE_ON_ZERO' */ ;
DELIMITER ;;
/*!50003 CREATE*/ /*!50017 DEFINER=`root`@`localhost`*/ /*!50003 TRIGGER `parentesco_au` AFTER UPDATE ON `parentesco` FOR EACH ROW INSERT INTO bitacora (accion, fecha_hora, tabla) VALUES ('UPDATE',NOW(), 'PARENTESCO') */;;
DELIMITER ;
/*!50003 SET sql_mode              = @saved_sql_mode */ ;
/*!50003 SET character_set_client  = @saved_cs_client */ ;
/*!50003 SET character_set_results = @saved_cs_results */ ;
/*!50003 SET collation_connection  = @saved_col_connection */ ;
/*!50003 SET @saved_cs_client      = @@character_set_client */ ;
/*!50003 SET @saved_cs_results     = @@character_set_results */ ;
/*!50003 SET @saved_col_connection = @@collation_connection */ ;
/*!50003 SET character_set_client  = utf8mb4 */ ;
/*!50003 SET character_set_results = utf8mb4 */ ;
/*!50003 SET collation_connection  = utf8mb4_general_ci */ ;
/*!50003 SET @saved_sql_mode       = @@sql_mode */ ;
/*!50003 SET sql_mode              = 'NO_AUTO_VALUE_ON_ZERO' */ ;
DELIMITER ;;
/*!50003 CREATE*/ /*!50017 DEFINER=`root`@`localhost`*/ /*!50003 TRIGGER `parentesco_ad` AFTER DELETE ON `parentesco` FOR EACH ROW INSERT INTO bitacora (accion, fecha_hora, tabla) VALUES ('DELETE',NOW(), 'PARENTESCO') */;;
DELIMITER ;
/*!50003 SET sql_mode              = @saved_sql_mode */ ;
/*!50003 SET character_set_client  = @saved_cs_client */ ;
/*!50003 SET character_set_results = @saved_cs_results */ ;
/*!50003 SET collation_connection  = @saved_col_connection */ ;
DROP TABLE IF EXISTS `perfil`;
/*!40101 SET @saved_cs_client     = @@character_set_client */;
/*!40101 SET character_set_client = utf8 */;
CREATE TABLE `perfil` (
  `id` int(11) NOT NULL AUTO_INCREMENT,
  `nombre` varchar(50) NOT NULL,
  `nivel` int(1) NOT NULL,
  `status` int(1) NOT NULL,
  `deleted_at` timestamp NULL DEFAULT CURRENT_TIMESTAMP ON UPDATE CURRENT_TIMESTAMP,
  `created_at` timestamp NULL DEFAULT CURRENT_TIMESTAMP ON UPDATE CURRENT_TIMESTAMP,
  `updated_at` timestamp NULL DEFAULT CURRENT_TIMESTAMP ON UPDATE CURRENT_TIMESTAMP,
  PRIMARY KEY (`id`)
) ENGINE=InnoDB DEFAULT CHARSET=latin1;
/*!40101 SET character_set_client = @saved_cs_client */;

LOCK TABLES `perfil` WRITE;
/*!40000 ALTER TABLE `perfil` DISABLE KEYS */;
/*!40000 ALTER TABLE `perfil` ENABLE KEYS */;
UNLOCK TABLES;
DROP TABLE IF EXISTS `permission_role`;
/*!40101 SET @saved_cs_client     = @@character_set_client */;
/*!40101 SET character_set_client = utf8 */;
CREATE TABLE `permission_role` (
  `id` bigint(20) unsigned NOT NULL AUTO_INCREMENT,
  `role_id` bigint(20) unsigned NOT NULL,
  `permission_id` bigint(20) unsigned NOT NULL,
  `created_at` timestamp NULL DEFAULT NULL,
  `updated_at` timestamp NULL DEFAULT NULL,
  PRIMARY KEY (`id`),
  KEY `permission_id` (`permission_id`),
  KEY `role_id` (`role_id`),
  KEY `permission_id_2` (`permission_id`)
) ENGINE=InnoDB AUTO_INCREMENT=84 DEFAULT CHARSET=latin1;
/*!40101 SET character_set_client = @saved_cs_client */;

LOCK TABLES `permission_role` WRITE;
/*!40000 ALTER TABLE `permission_role` DISABLE KEYS */;
INSERT INTO `permission_role` VALUES (9,5,1,'2019-06-17 08:26:38','2019-06-17 08:26:38'),(10,5,5,'2019-06-17 08:26:38','2019-06-17 08:26:38'),(11,5,6,'2019-06-17 08:26:38','2019-06-17 08:26:38'),(12,5,10,'2019-06-17 08:26:38','2019-06-17 08:26:38'),(21,6,1,'2019-06-17 09:04:16','2019-06-17 09:04:16'),(29,6,2,'2019-06-17 09:12:14','2019-06-17 09:12:14'),(30,6,6,'2019-06-17 09:12:14','2019-06-17 09:12:14'),(31,6,8,'2019-06-17 09:12:14','2019-06-17 09:12:14'),(32,6,9,'2019-06-17 09:12:14','2019-06-17 09:12:14'),(33,6,10,'2019-06-17 09:12:14','2019-06-17 09:12:14'),(34,6,5,'2019-06-17 09:12:57','2019-06-17 09:12:57'),(35,6,7,'2019-06-17 09:12:57','2019-06-17 09:12:57'),(38,2,8,'2019-06-25 18:58:46','2019-06-25 18:58:46'),(55,2,1,'2019-07-22 17:41:37','2019-07-22 17:41:37'),(56,2,2,'2019-07-22 17:41:37','2019-07-22 17:41:37'),(57,2,5,'2019-07-22 17:41:37','2019-07-22 17:41:37'),(58,2,6,'2019-07-22 17:41:37','2019-07-22 17:41:37'),(59,2,7,'2019-07-22 17:41:37','2019-07-22 17:41:37'),(60,2,9,'2019-07-22 17:41:37','2019-07-22 17:41:37'),(61,2,10,'2019-07-22 17:41:37','2019-07-22 17:41:37'),(62,2,11,'2019-07-22 17:41:38','2019-07-22 17:41:38'),(63,2,12,'2019-07-22 17:41:38','2019-07-22 17:41:38'),(64,2,13,'2019-07-22 17:41:38','2019-07-22 17:41:38'),(65,2,14,'2019-07-22 17:41:38','2019-07-22 17:41:38'),(66,2,15,'2019-07-22 17:41:38','2019-07-22 17:41:38'),(67,2,16,'2019-07-22 17:41:38','2019-07-22 17:41:38'),(68,2,17,'2019-07-22 17:41:38','2019-07-22 17:41:38'),(69,2,18,'2019-07-22 17:41:38','2019-07-22 17:41:38'),(70,2,19,'2019-07-22 17:41:38','2019-07-22 17:41:38'),(71,2,20,'2019-07-22 17:41:38','2019-07-22 17:41:38'),(72,2,21,'2019-07-22 17:41:38','2019-07-22 17:41:38'),(73,2,22,'2019-07-22 17:41:38','2019-07-22 17:41:38'),(74,2,23,'2019-07-22 17:41:38','2019-07-22 17:41:38'),(75,2,24,'2019-07-22 17:41:38','2019-07-22 17:41:38'),(77,2,25,'2019-07-27 22:14:24','2019-07-27 22:14:24'),(78,2,26,'2019-07-29 03:57:02','2019-07-29 03:57:02'),(79,2,27,'2019-07-29 03:57:02','2019-07-29 03:57:02'),(80,2,28,'2019-07-29 03:57:02','2019-07-29 03:57:02'),(81,2,29,'2019-07-29 03:57:02','2019-07-29 03:57:02'),(82,4,1,'2019-10-30 18:57:34','2019-10-30 18:57:34'),(83,4,2,'2019-10-30 18:57:34','2019-10-30 18:57:34');
/*!40000 ALTER TABLE `permission_role` ENABLE KEYS */;
UNLOCK TABLES;
DROP TABLE IF EXISTS `permission_user`;
/*!40101 SET @saved_cs_client     = @@character_set_client */;
/*!40101 SET character_set_client = utf8 */;
CREATE TABLE `permission_user` (
  `id` bigint(20) unsigned NOT NULL AUTO_INCREMENT,
  `permission_id` bigint(20) unsigned NOT NULL,
  `user_id` bigint(20) unsigned NOT NULL,
  `created_at` timestamp NULL DEFAULT NULL,
  `updated_at` timestamp NULL DEFAULT NULL,
  PRIMARY KEY (`id`),
  KEY `permission_id` (`permission_id`),
  KEY `user_id` (`user_id`)
) ENGINE=InnoDB DEFAULT CHARSET=latin1;
/*!40101 SET character_set_client = @saved_cs_client */;

LOCK TABLES `permission_user` WRITE;
/*!40000 ALTER TABLE `permission_user` DISABLE KEYS */;
/*!40000 ALTER TABLE `permission_user` ENABLE KEYS */;
UNLOCK TABLES;
DROP TABLE IF EXISTS `permissions`;
/*!40101 SET @saved_cs_client     = @@character_set_client */;
/*!40101 SET character_set_client = utf8 */;
CREATE TABLE `permissions` (
  `id` bigint(20) unsigned NOT NULL AUTO_INCREMENT,
  `name` varchar(255) NOT NULL,
  `slug` varchar(255) NOT NULL,
  `description` varchar(255) NOT NULL,
  `created_at` timestamp NULL DEFAULT NULL,
  `updated_at` timestamp NULL DEFAULT NULL,
  PRIMARY KEY (`id`),
  UNIQUE KEY `slug` (`slug`)
) ENGINE=InnoDB AUTO_INCREMENT=30 DEFAULT CHARSET=latin1;
/*!40101 SET character_set_client = @saved_cs_client */;

LOCK TABLES `permissions` WRITE;
/*!40000 ALTER TABLE `permissions` DISABLE KEYS */;
INSERT INTO `permissions` VALUES (1,'editar agremiado','agremiado.edit','permite editar a los agremiados','2019-06-12 04:00:00','2019-06-12 04:00:00'),(2,'permite eliminar a los agremiados','agremiado.delete','mostrar agremiado','2019-06-11 04:00:00','2019-06-11 04:00:00'),(5,'muestra agremidos','agremiado.index','muestra los agremiados registrados','2019-06-11 04:00:00','2019-06-11 04:00:00'),(6,'mostrar especialidades','especialidad.index','muestra las especialidades',NULL,NULL),(7,'edita especialidad','especialidad.edit','permite editar las especialidades',NULL,NULL),(8,'imprimir lista agremiados','agremiado.imprimir','permite imprimir una lista de agremiados',NULL,NULL),(9,'agregar agremiado','agremiado.create','permite agregar agremiados',NULL,NULL),(10,'mostrar agremiado','agremiado.show','permite mostrar los datos especificos de los agremiados',NULL,NULL),(11,'empresa index','empresa.index','empresa index','2019-07-09 04:00:00',NULL),(12,'tarifa index','tarifa.index','tarifa index','2019-07-09 04:00:00',NULL),(13,'universisdad index','universidad.index','universidad index',NULL,NULL),(14,'instituto index','instituto.index','instituto.index',NULL,NULL),(15,'instrumento','instrumento.index','instrumento index',NULL,NULL),(16,'parentesco index','parentesco.index','parentesco index',NULL,NULL),(17,'cargar familiar','cfamiliar.index','carga familiar index',NULL,NULL),(18,'motivo','motivo.index','',NULL,NULL),(19,'tpago','tpago.index','tpago',NULL,NULL),(20,'perfil','perfil.index','perfil',NULL,NULL),(21,'usuario','usuario.index','usuario ',NULL,NULL),(22,'banco index','banco.index','banco index',NULL,NULL),(23,'baremos','baremos.index','',NULL,NULL),(24,'tproyecto','tproyecto.index','',NULL,NULL),(25,'Imprimir agremiado','agremiado.print','Permite imprimir agremiados',NULL,NULL),(26,'crear motivos','tproyecto.create','inserta motivos',NULL,NULL),(27,'ver motivos','tproyecto.show','ve motivos',NULL,NULL),(28,'edita motivos','tproyecto.edit','edita motivos',NULL,NULL),(29,'elimina motivos','tproyecto.delete','elimina motivos',NULL,NULL);
/*!40000 ALTER TABLE `permissions` ENABLE KEYS */;
UNLOCK TABLES;
DROP TABLE IF EXISTS `persona`;
/*!40101 SET @saved_cs_client     = @@character_set_client */;
/*!40101 SET character_set_client = utf8 */;
CREATE TABLE `persona` (
  `id` int(11) NOT NULL AUTO_INCREMENT,
  `cedula` int(8) NOT NULL,
  `nombre` varchar(50) NOT NULL,
  `apellido` varchar(50) NOT NULL,
  `direccion` varchar(150) NOT NULL,
  `telefono` varchar(13) DEFAULT NULL,
  `correo` varchar(50) DEFAULT NULL,
  `fecha_nacimiento` date DEFAULT NULL,
  `updated_at` timestamp NULL DEFAULT CURRENT_TIMESTAMP ON UPDATE CURRENT_TIMESTAMP,
  `created_at` timestamp NULL DEFAULT CURRENT_TIMESTAMP ON UPDATE CURRENT_TIMESTAMP,
  PRIMARY KEY (`id`)
) ENGINE=InnoDB AUTO_INCREMENT=150 DEFAULT CHARSET=latin1;
/*!40101 SET character_set_client = @saved_cs_client */;

LOCK TABLES `persona` WRITE;
/*!40000 ALTER TABLE `persona` DISABLE KEYS */;
INSERT INTO `persona` VALUES (100,6844714,'LUIS','GALINDEZ','SAN FELIPE','41632335','OTILIO_123@GMAIL.COM','1995-05-11','2019-07-22 17:37:32','2019-07-22 13:37:32'),(103,1758426,'OTILIO','MENDINA','LA VILLA','169178524',NULL,'1990-05-04','2019-05-28 21:23:40','2019-05-28 21:23:40'),(105,11648801,'CARLOS','RIVERINHO','URB SAN MIGUEL CALLE PRINCIPAL CON AV 2','167536495',NULL,'1974-06-04','2019-06-08 04:04:04','2019-06-08 04:04:04'),(106,2567898,'ROGER','ORTEGA','SANFE','145667890',NULL,'2019-05-14','2019-05-29 18:14:23','2019-05-29 18:14:23'),(107,3245763,'ANTONIO','MOLINARO','SANFE','04245678998',NULL,'2019-05-14','2019-05-29 18:16:47','2019-05-29 18:16:47'),(122,13646854,'CARMEN','TORRES','YARITAGUA','04124894759',NULL,'1979-07-02','2019-07-16 18:52:07','2019-07-16 18:52:07'),(124,7493922,'LUCHO','GONZALES','SANFE','04167512053','epale@hotamail.com','2019-07-10','2019-07-28 19:22:50','2019-07-28 19:22:50'),(125,2934230,'RICHARD','FIGUERA','SAN PABLO','04269943224','ALGO@ALGO.COM','2019-07-08','2019-07-28 23:23:57','2019-07-28 23:23:57'),(127,7587248,'ABDEL PEREZ','FAWZI RAFAEL','AV. 7 C/C 8. 3ER PISO EDIF. CHERIFE. CHIVACOA.','051-830980','NADA@GMAIL.COM','2019-07-28','2019-07-29 02:39:47','2019-07-29 02:39:47'),(128,5458327,'ABED JADER','MIRIAN JOSEFINA','AV 8 ENTRE CLL. 11 Y 12 #11-60','02542383659','NADA@GMAIL.COM','2019-07-28','2019-07-29 02:42:43','2019-07-29 02:42:43'),(129,6265858,'DE ABREU','ANA ROSA','AV LA PAZ ESQ. FUNDACION MENDOZA','312231-2363','NADA@GMAIL.COM','2019-07-28','2019-07-29 02:45:26','2019-07-29 02:45:26'),(130,1336365,'ACOSTA FALCON','FERNANDO ESTEBAN','AV LA FUENTE # 20-31 QTA PELUSILLA','0416-754639','NADA@GMAIL.COM','2019-07-28','2019-07-29 02:48:06','2019-07-29 02:48:06'),(131,3884972,'MIGUEL ANGEL','ADAMES','CALLE 6 ENTRE 7 Y 8 # 6-32. YARITAGUA.','0426-107053','NADA@GMAIL.COM','2019-07-28','2019-07-29 02:49:52','2019-07-29 02:49:52'),(132,9066237,'MERCEDES MARGAR','AGUILAR LEAL','DESCONOCIDA','DESCONOCIDA','NADA@GMAIL.COM','2019-07-28','2019-07-29 02:51:31','2019-07-29 02:51:31'),(133,6065906,'EDGAR JOSE','AGUILERA','7 AV. ENTRE CLL. 8 Y 9. SAN PABLO.','041665487','NADA@GMAIL.COM','2019-07-28','2019-07-29 03:41:23','2019-07-29 03:41:23'),(134,7576838,'HECTOR MANUEL','ALCALA ALEJOS','CALLE LOS JAZMINES URB.LAS BRISAS CASA #14','0426-533072','NADA@GMAIL.COM','2019-07-28','2019-07-29 03:43:02','2019-07-29 03:43:02'),(135,823983,'SERGIO VINICIO','ALCALA PALENCIA','AV.LOS MANGOS QTA MATARILE BELLA VISTA','DESCONOCIDA','NADA@GMAIL.COM','2019-07-28','2019-07-29 03:44:44','2019-07-29 03:44:44'),(136,5920615,'JOSE DEL CARMEN','ALDANA MORALES','CALLE EL BOSQUE QTA.LA BUHARDILLA URB. B.V.','0412920615','NADA@GMAIL.COM','2019-07-28','2019-07-29 03:47:20','2019-07-29 03:47:20'),(137,7326224,'ALMEIDA ALVARADO','ALEXANDER ALIRIO','CLL. 10 E/CARRERA 5 Y 6. YARITAGUA.','DESCONOCIDA','NADA@GMAIL.COM','2019-07-28','2019-07-29 03:51:08','2019-07-29 03:51:08'),(138,7504880,'JOSE GREGORIO','ALVARADO','CARRERA 5 CON CLL. 8 #8. URACHICHE.','DESCONOCIDA','NADA@GMAIL.COM','2019-07-28','2019-07-29 03:53:54','2019-07-29 03:53:54'),(139,7376326,'RUBEN ALEXIS','ALVARADO ROJAS','CARR. 19 CON CLL. 18 Y 19. YARITAGUA.','051-820674','NADA@GMAIL.COM','2019-07-28','2019-07-29 03:55:48','2019-07-29 03:55:48'),(140,3566748,'PEDRO LUIS','ALVAREZ RODULFO','DESCONOCIDA','DESCONOCIDA','NADA@GMAIL.COM','2019-07-28','2019-07-29 03:56:58','2019-07-29 03:56:58'),(141,4968080,'FERNANDO ENRIQUE','ALVAREZ VALERA','URB.ALEXIS OLMOS CALLE 4 ENTRE CARRERA 4 Y 6 #14','0416-352194','NADA@GMAIL.COM','2019-07-28','2019-07-29 03:58:52','2019-07-29 03:58:52'),(142,7590285,'VICTOR RAUL','ALVAREZ VALDERRAMA','CARRE. 9 ENTRE CLL. 9 Y 10. SABANA DE PA','DESCONOCIDA','NADA@GMAIL.COM','2019-07-28','2019-07-29 04:00:14','2019-07-29 04:00:14'),(143,3132886,'MATEO GIORGE','AMPOLA PALCICH','URB SAN ANTONIO 5TA TRANSV. #16-9-A.','DESCONOCIDA','NADA@GMAIL.COM','2019-07-28','2019-07-29 04:01:49','2019-07-29 04:01:49'),(144,5456748,'ARANGUREN DE BORTONE','VIOLETA COROMOTO','CLL. CARIBE RES. MARIA ISABEL URB BV','312464-4202','NADA@GMAIL.COM','2019-07-28','2019-07-29 04:03:25','2019-07-29 04:03:25'),(145,7584071,'RICHARD JOSE','ARANGUREN SAMPAYO','AV. 7 ENTRES CALLES 13 Y 14 #13-27 CHIVACOA','051-830832','NADA@GMAIL.COM','2019-07-28','2019-07-29 04:05:30','2019-07-29 04:05:30'),(146,4966449,'EDGARDO ANTONIO','AVENDAÑO BARICO','URB.VISTA ALEGRE SECTOR I AV.8 #10','4127623182','NADA@GMAIL.COM','2019-07-28','2019-07-29 04:08:16','2019-07-29 04:08:16'),(147,7579985,'ADOLFO','LUDEWIG','URBANIZACION SAN JOSE CALLE 5A NUMERO 24 MUNICIPIO INDEPENDENCIA ESTADO YARACUY','04263565699','ADOLFOLUDEWIG@GMAIL.COM','1965-02-27','2019-11-04 18:14:07','2019-11-04 14:14:07'),(148,12728664,'LUIS','VALENCIA','URBANIZACION VISTA ALEGRE PRIMERA ETAPA AV 8 NUMERO 4','04162535335','LUISVALENCIACAMACHO@HOTMAIL.COM','1959-04-22','2019-11-04 18:19:48','2019-11-04 18:19:48'),(149,7575983,'PEDRO','GALINDEZ','AV RAVELL , INDEPENDENCIA','04145460526','PMGALINDEZA@HOTMAIL.COM','1964-06-29','2019-11-06 18:42:34','2019-11-06 18:42:34');
/*!40000 ALTER TABLE `persona` ENABLE KEYS */;
UNLOCK TABLES;
/*!50003 SET @saved_cs_client      = @@character_set_client */ ;
/*!50003 SET @saved_cs_results     = @@character_set_results */ ;
/*!50003 SET @saved_col_connection = @@collation_connection */ ;
/*!50003 SET character_set_client  = utf8mb4 */ ;
/*!50003 SET character_set_results = utf8mb4 */ ;
/*!50003 SET collation_connection  = utf8mb4_general_ci */ ;
/*!50003 SET @saved_sql_mode       = @@sql_mode */ ;
/*!50003 SET sql_mode              = 'NO_AUTO_VALUE_ON_ZERO' */ ;
DELIMITER ;;
/*!50003 CREATE*/ /*!50017 DEFINER=`root`@`localhost`*/ /*!50003 TRIGGER `persona_ai` AFTER INSERT ON `persona` FOR EACH ROW INSERT INTO bitacora (accion, fecha_hora, tabla) VALUES ('INSERT',NOW(), 'PERSONA') */;;
DELIMITER ;
/*!50003 SET sql_mode              = @saved_sql_mode */ ;
/*!50003 SET character_set_client  = @saved_cs_client */ ;
/*!50003 SET character_set_results = @saved_cs_results */ ;
/*!50003 SET collation_connection  = @saved_col_connection */ ;
/*!50003 SET @saved_cs_client      = @@character_set_client */ ;
/*!50003 SET @saved_cs_results     = @@character_set_results */ ;
/*!50003 SET @saved_col_connection = @@collation_connection */ ;
/*!50003 SET character_set_client  = utf8mb4 */ ;
/*!50003 SET character_set_results = utf8mb4 */ ;
/*!50003 SET collation_connection  = utf8mb4_general_ci */ ;
/*!50003 SET @saved_sql_mode       = @@sql_mode */ ;
/*!50003 SET sql_mode              = 'NO_AUTO_VALUE_ON_ZERO' */ ;
DELIMITER ;;
/*!50003 CREATE*/ /*!50017 DEFINER=`root`@`localhost`*/ /*!50003 TRIGGER `persona_au` AFTER UPDATE ON `persona` FOR EACH ROW INSERT INTO bitacora (accion, fecha_hora, tabla) VALUES ('UPDATE',NOW(), 'PERSONA') */;;
DELIMITER ;
/*!50003 SET sql_mode              = @saved_sql_mode */ ;
/*!50003 SET character_set_client  = @saved_cs_client */ ;
/*!50003 SET character_set_results = @saved_cs_results */ ;
/*!50003 SET collation_connection  = @saved_col_connection */ ;
/*!50003 SET @saved_cs_client      = @@character_set_client */ ;
/*!50003 SET @saved_cs_results     = @@character_set_results */ ;
/*!50003 SET @saved_col_connection = @@collation_connection */ ;
/*!50003 SET character_set_client  = utf8mb4 */ ;
/*!50003 SET character_set_results = utf8mb4 */ ;
/*!50003 SET collation_connection  = utf8mb4_general_ci */ ;
/*!50003 SET @saved_sql_mode       = @@sql_mode */ ;
/*!50003 SET sql_mode              = 'NO_AUTO_VALUE_ON_ZERO' */ ;
DELIMITER ;;
/*!50003 CREATE*/ /*!50017 DEFINER=`root`@`localhost`*/ /*!50003 TRIGGER `persona_ad` AFTER DELETE ON `persona` FOR EACH ROW INSERT INTO bitacora (accion, fecha_hora, tabla) VALUES ('DELETE',NOW(), 'PERSONA') */;;
DELIMITER ;
/*!50003 SET sql_mode              = @saved_sql_mode */ ;
/*!50003 SET character_set_client  = @saved_cs_client */ ;
/*!50003 SET character_set_results = @saved_cs_results */ ;
/*!50003 SET collation_connection  = @saved_col_connection */ ;
DROP TABLE IF EXISTS `plano`;
/*!40101 SET @saved_cs_client     = @@character_set_client */;
/*!40101 SET character_set_client = utf8 */;
CREATE TABLE `plano` (
  `id` int(11) NOT NULL AUTO_INCREMENT,
  `nproyecto` varchar(255) COLLATE utf8mb4_unicode_ci NOT NULL,
  `fecha` date NOT NULL,
  `fecham` date NOT NULL,
  `status` varchar(255) COLLATE utf8mb4_unicode_ci NOT NULL,
  `agremiado_id` int(11) NOT NULL,
  `created_at` timestamp NULL DEFAULT NULL,
  `updated_at` timestamp NULL DEFAULT NULL,
  `deleted_at` timestamp NULL DEFAULT CURRENT_TIMESTAMP ON UPDATE CURRENT_TIMESTAMP,
  PRIMARY KEY (`id`),
  KEY `agremiado_id` (`agremiado_id`),
  CONSTRAINT `plano_ibfk_1` FOREIGN KEY (`agremiado_id`) REFERENCES `agremiado` (`id`)
) ENGINE=InnoDB DEFAULT CHARSET=utf8mb4 COLLATE=utf8mb4_unicode_ci;
/*!40101 SET character_set_client = @saved_cs_client */;

LOCK TABLES `plano` WRITE;
/*!40000 ALTER TABLE `plano` DISABLE KEYS */;
/*!40000 ALTER TABLE `plano` ENABLE KEYS */;
UNLOCK TABLES;
/*!50003 SET @saved_cs_client      = @@character_set_client */ ;
/*!50003 SET @saved_cs_results     = @@character_set_results */ ;
/*!50003 SET @saved_col_connection = @@collation_connection */ ;
/*!50003 SET character_set_client  = utf8mb4 */ ;
/*!50003 SET character_set_results = utf8mb4 */ ;
/*!50003 SET collation_connection  = utf8mb4_general_ci */ ;
/*!50003 SET @saved_sql_mode       = @@sql_mode */ ;
/*!50003 SET sql_mode              = 'NO_AUTO_VALUE_ON_ZERO' */ ;
DELIMITER ;;
/*!50003 CREATE*/ /*!50017 DEFINER=`root`@`localhost`*/ /*!50003 TRIGGER `plano_ai` AFTER INSERT ON `plano` FOR EACH ROW INSERT INTO bitacora (accion, fecha_hora, tabla) VALUES ('INSERT',NOW(), 'PLANO') */;;
DELIMITER ;
/*!50003 SET sql_mode              = @saved_sql_mode */ ;
/*!50003 SET character_set_client  = @saved_cs_client */ ;
/*!50003 SET character_set_results = @saved_cs_results */ ;
/*!50003 SET collation_connection  = @saved_col_connection */ ;
/*!50003 SET @saved_cs_client      = @@character_set_client */ ;
/*!50003 SET @saved_cs_results     = @@character_set_results */ ;
/*!50003 SET @saved_col_connection = @@collation_connection */ ;
/*!50003 SET character_set_client  = utf8mb4 */ ;
/*!50003 SET character_set_results = utf8mb4 */ ;
/*!50003 SET collation_connection  = utf8mb4_general_ci */ ;
/*!50003 SET @saved_sql_mode       = @@sql_mode */ ;
/*!50003 SET sql_mode              = 'NO_AUTO_VALUE_ON_ZERO' */ ;
DELIMITER ;;
/*!50003 CREATE*/ /*!50017 DEFINER=`root`@`localhost`*/ /*!50003 TRIGGER `plano_au` AFTER UPDATE ON `plano` FOR EACH ROW INSERT INTO bitacora (accion, fecha_hora, tabla) VALUES ('UPDATE',NOW(), 'PLANO') */;;
DELIMITER ;
/*!50003 SET sql_mode              = @saved_sql_mode */ ;
/*!50003 SET character_set_client  = @saved_cs_client */ ;
/*!50003 SET character_set_results = @saved_cs_results */ ;
/*!50003 SET collation_connection  = @saved_col_connection */ ;
/*!50003 SET @saved_cs_client      = @@character_set_client */ ;
/*!50003 SET @saved_cs_results     = @@character_set_results */ ;
/*!50003 SET @saved_col_connection = @@collation_connection */ ;
/*!50003 SET character_set_client  = utf8mb4 */ ;
/*!50003 SET character_set_results = utf8mb4 */ ;
/*!50003 SET collation_connection  = utf8mb4_general_ci */ ;
/*!50003 SET @saved_sql_mode       = @@sql_mode */ ;
/*!50003 SET sql_mode              = 'NO_AUTO_VALUE_ON_ZERO' */ ;
DELIMITER ;;
/*!50003 CREATE*/ /*!50017 DEFINER=`root`@`localhost`*/ /*!50003 TRIGGER `plano_ad` AFTER DELETE ON `plano` FOR EACH ROW INSERT INTO bitacora (accion, fecha_hora, tabla) VALUES ('DELETE',NOW(), 'PLANO') */;;
DELIMITER ;
/*!50003 SET sql_mode              = @saved_sql_mode */ ;
/*!50003 SET character_set_client  = @saved_cs_client */ ;
/*!50003 SET character_set_results = @saved_cs_results */ ;
/*!50003 SET collation_connection  = @saved_col_connection */ ;
DROP TABLE IF EXISTS `proyecto`;
/*!40101 SET @saved_cs_client     = @@character_set_client */;
/*!40101 SET character_set_client = utf8 */;
CREATE TABLE `proyecto` (
  `id` int(11) NOT NULL AUTO_INCREMENT,
  `nombre` varchar(30) NOT NULL,
  `tipo_proyecto_id` int(11) NOT NULL,
  `instituto_id` int(11) NOT NULL,
  `deleted_at` timestamp NULL DEFAULT CURRENT_TIMESTAMP ON UPDATE CURRENT_TIMESTAMP,
  `created_at` timestamp NULL DEFAULT CURRENT_TIMESTAMP ON UPDATE CURRENT_TIMESTAMP,
  `updated_at` timestamp NULL DEFAULT CURRENT_TIMESTAMP ON UPDATE CURRENT_TIMESTAMP,
  PRIMARY KEY (`id`),
  KEY `tipo_proyecto_id` (`tipo_proyecto_id`),
  KEY `instituto_id` (`instituto_id`),
  CONSTRAINT `proyecto_ibfk_1` FOREIGN KEY (`id`) REFERENCES `agremiado_proyecto` (`proyecto_id`),
  CONSTRAINT `proyecto_ibfk_2` FOREIGN KEY (`instituto_id`) REFERENCES `instituto` (`id`),
  CONSTRAINT `proyecto_ibfk_3` FOREIGN KEY (`tipo_proyecto_id`) REFERENCES `tipo_proyecto` (`id`)
) ENGINE=InnoDB DEFAULT CHARSET=latin1;
/*!40101 SET character_set_client = @saved_cs_client */;

LOCK TABLES `proyecto` WRITE;
/*!40000 ALTER TABLE `proyecto` DISABLE KEYS */;
/*!40000 ALTER TABLE `proyecto` ENABLE KEYS */;
UNLOCK TABLES;
/*!50003 SET @saved_cs_client      = @@character_set_client */ ;
/*!50003 SET @saved_cs_results     = @@character_set_results */ ;
/*!50003 SET @saved_col_connection = @@collation_connection */ ;
/*!50003 SET character_set_client  = utf8mb4 */ ;
/*!50003 SET character_set_results = utf8mb4 */ ;
/*!50003 SET collation_connection  = utf8mb4_general_ci */ ;
/*!50003 SET @saved_sql_mode       = @@sql_mode */ ;
/*!50003 SET sql_mode              = 'NO_AUTO_VALUE_ON_ZERO' */ ;
DELIMITER ;;
/*!50003 CREATE*/ /*!50017 DEFINER=`root`@`localhost`*/ /*!50003 TRIGGER `proyecto_ai` AFTER INSERT ON `proyecto` FOR EACH ROW INSERT INTO bitacora (accion, fecha_hora, tabla) VALUES ('INSERT',NOW(), 'MOTIVO') */;;
DELIMITER ;
/*!50003 SET sql_mode              = @saved_sql_mode */ ;
/*!50003 SET character_set_client  = @saved_cs_client */ ;
/*!50003 SET character_set_results = @saved_cs_results */ ;
/*!50003 SET collation_connection  = @saved_col_connection */ ;
/*!50003 SET @saved_cs_client      = @@character_set_client */ ;
/*!50003 SET @saved_cs_results     = @@character_set_results */ ;
/*!50003 SET @saved_col_connection = @@collation_connection */ ;
/*!50003 SET character_set_client  = utf8mb4 */ ;
/*!50003 SET character_set_results = utf8mb4 */ ;
/*!50003 SET collation_connection  = utf8mb4_general_ci */ ;
/*!50003 SET @saved_sql_mode       = @@sql_mode */ ;
/*!50003 SET sql_mode              = 'NO_AUTO_VALUE_ON_ZERO' */ ;
DELIMITER ;;
/*!50003 CREATE*/ /*!50017 DEFINER=`root`@`localhost`*/ /*!50003 TRIGGER `proyecto_au` AFTER UPDATE ON `proyecto` FOR EACH ROW INSERT INTO bitacora (accion, fecha_hora, tabla) VALUES ('UPDATE',NOW(), 'MOTIVO') */;;
DELIMITER ;
/*!50003 SET sql_mode              = @saved_sql_mode */ ;
/*!50003 SET character_set_client  = @saved_cs_client */ ;
/*!50003 SET character_set_results = @saved_cs_results */ ;
/*!50003 SET collation_connection  = @saved_col_connection */ ;
/*!50003 SET @saved_cs_client      = @@character_set_client */ ;
/*!50003 SET @saved_cs_results     = @@character_set_results */ ;
/*!50003 SET @saved_col_connection = @@collation_connection */ ;
/*!50003 SET character_set_client  = utf8mb4 */ ;
/*!50003 SET character_set_results = utf8mb4 */ ;
/*!50003 SET collation_connection  = utf8mb4_general_ci */ ;
/*!50003 SET @saved_sql_mode       = @@sql_mode */ ;
/*!50003 SET sql_mode              = 'NO_AUTO_VALUE_ON_ZERO' */ ;
DELIMITER ;;
/*!50003 CREATE*/ /*!50017 DEFINER=`root`@`localhost`*/ /*!50003 TRIGGER `proyecto_ad` AFTER DELETE ON `proyecto` FOR EACH ROW INSERT INTO bitacora (accion, fecha_hora, tabla) VALUES ('DELETE',NOW(), 'MOTIVO') */;;
DELIMITER ;
/*!50003 SET sql_mode              = @saved_sql_mode */ ;
/*!50003 SET character_set_client  = @saved_cs_client */ ;
/*!50003 SET character_set_results = @saved_cs_results */ ;
/*!50003 SET collation_connection  = @saved_col_connection */ ;
DROP TABLE IF EXISTS `role_user`;
/*!40101 SET @saved_cs_client     = @@character_set_client */;
/*!40101 SET character_set_client = utf8 */;
CREATE TABLE `role_user` (
  `id` bigint(20) unsigned NOT NULL AUTO_INCREMENT,
  `role_id` bigint(20) unsigned NOT NULL,
  `user_id` bigint(20) unsigned NOT NULL,
  `created_at` timestamp NULL DEFAULT NULL,
  `updated_at` timestamp NULL DEFAULT NULL,
  PRIMARY KEY (`id`),
  KEY `role_id` (`role_id`),
  KEY `user_id` (`user_id`)
) ENGINE=InnoDB AUTO_INCREMENT=23 DEFAULT CHARSET=latin1;
/*!40101 SET character_set_client = @saved_cs_client */;

LOCK TABLES `role_user` WRITE;
/*!40000 ALTER TABLE `role_user` DISABLE KEYS */;
INSERT INTO `role_user` VALUES (3,3,22,NULL,NULL),(5,4,25,'2019-06-17 06:04:33','2019-06-17 06:04:33'),(14,4,26,'2019-06-17 06:56:16','2019-06-17 06:56:16'),(15,2,27,'2019-06-25 18:58:05','2019-06-25 18:58:05'),(17,7,28,'2019-07-09 17:38:57','2019-07-09 17:38:57'),(18,2,1,'2019-07-09 18:06:01','2019-07-09 18:06:01'),(19,3,2,'2019-07-27 22:02:18','2019-07-27 22:02:18'),(20,3,29,'2019-07-29 04:31:39','2019-07-29 04:31:39'),(21,2,30,'2019-11-04 01:40:07','2019-11-04 01:40:07'),(22,2,31,'2019-11-04 01:41:57','2019-11-04 01:41:57');
/*!40000 ALTER TABLE `role_user` ENABLE KEYS */;
UNLOCK TABLES;
DROP TABLE IF EXISTS `roles`;
/*!40101 SET @saved_cs_client     = @@character_set_client */;
/*!40101 SET character_set_client = utf8 */;
CREATE TABLE `roles` (
  `id` bigint(20) unsigned NOT NULL AUTO_INCREMENT,
  `name` varchar(255) NOT NULL,
  `slug` varchar(255) NOT NULL,
  `description` varchar(255) DEFAULT NULL,
  `created_at` timestamp NULL DEFAULT NULL,
  `updated_at` timestamp NULL DEFAULT NULL,
  `special` enum('all-access','no-access') DEFAULT NULL,
  PRIMARY KEY (`id`),
  UNIQUE KEY `slug` (`slug`),
  UNIQUE KEY `name` (`name`)
) ENGINE=InnoDB AUTO_INCREMENT=5 DEFAULT CHARSET=latin1;
/*!40101 SET character_set_client = @saved_cs_client */;

LOCK TABLES `roles` WRITE;
/*!40000 ALTER TABLE `roles` DISABLE KEYS */;
INSERT INTO `roles` VALUES (2,'admin','admin',NULL,'2019-06-11 04:00:00','2019-06-03 04:00:00',NULL),(3,'secretaria','secretaria',NULL,NULL,NULL,NULL),(4,'DROP','PKK','ADMIN','2019-10-30 18:57:34','2019-10-30 18:57:34',NULL);
/*!40000 ALTER TABLE `roles` ENABLE KEYS */;
UNLOCK TABLES;
DROP TABLE IF EXISTS `solvencia`;
/*!40101 SET @saved_cs_client     = @@character_set_client */;
/*!40101 SET character_set_client = utf8 */;
CREATE TABLE `solvencia` (
  `id` int(11) NOT NULL AUTO_INCREMENT,
  `agremiado_id` int(11) NOT NULL,
  `monto` int(11) DEFAULT NULL,
  `descripcion` varchar(50) DEFAULT NULL,
  `tipo_pago_id` int(11) NOT NULL,
  `banco_id` int(11) NOT NULL,
  `referencia` varchar(20) DEFAULT NULL,
  `created_at` timestamp NOT NULL DEFAULT CURRENT_TIMESTAMP,
  `updated_at` timestamp NOT NULL DEFAULT CURRENT_TIMESTAMP,
  `deleted_at` timestamp NULL DEFAULT NULL,
  PRIMARY KEY (`id`),
  KEY `agremiado_id` (`agremiado_id`),
  KEY `tipo_pago_id` (`tipo_pago_id`),
  KEY `banco_id` (`banco_id`)
) ENGINE=InnoDB AUTO_INCREMENT=19 DEFAULT CHARSET=latin1;
/*!40101 SET character_set_client = @saved_cs_client */;

LOCK TABLES `solvencia` WRITE;
/*!40000 ALTER TABLE `solvencia` DISABLE KEYS */;
INSERT INTO `solvencia` VALUES (1,142,NULL,'DESCRIPCION',2,11,'REFERENCIA','2019-11-04 09:48:12','2019-11-04 09:48:12',NULL),(2,147,NULL,'DESCRIPCION',2,12,'REFERENCIA','2019-11-04 09:55:24','2019-11-04 09:55:24',NULL),(3,147,NULL,'DESCRIPCION',5,12,'REFERENCIA','2019-11-04 11:03:52','2019-11-04 11:03:52',NULL),(4,147,NULL,'DESCRIPCION',2,12,'REFERENCIA','2019-11-04 12:48:58','2019-11-04 12:48:58',NULL),(5,127,NULL,'solvencia tecnica',5,4,'66589','2019-11-04 12:54:52','2019-11-04 12:54:52',NULL),(6,127,NULL,'solvencia tecnica',6,6,'REFERENCIA','2019-11-04 12:55:33','2019-11-04 12:55:33',NULL),(7,128,NULL,NULL,2,12,NULL,'2019-11-04 13:59:38','2019-11-04 13:59:38',NULL),(8,133,NULL,'DESCRIPCION',2,12,'12345','2019-11-04 14:20:42','2019-11-04 14:20:42',NULL),(9,137,NULL,'jj',2,12,'uu','2019-11-04 14:22:36','2019-11-04 14:22:36',NULL),(10,143,NULL,'DESCRIPCION',2,12,'REFERENCIA','2019-11-04 16:57:57','2019-11-04 16:57:57',NULL),(11,130,NULL,'mensualidad',6,4,'34567588','2019-11-04 18:52:12','2019-11-04 18:52:12',NULL),(12,127,NULL,'descripcion',2,12,'22323','2019-11-06 17:30:03','2019-11-06 17:30:03',NULL),(13,127,NULL,'pago',5,8,'123456','2019-11-06 18:47:07','2019-11-06 18:47:07',NULL),(14,127,NULL,'pago',6,1,'45635','2019-11-06 18:50:17','2019-11-06 18:50:17',NULL),(15,130,NULL,'pagado',4,12,'213133','2019-11-16 20:26:53','2019-11-16 20:26:53',NULL),(16,128,NULL,'DESCRIPCION',2,12,'REF','2019-11-18 09:48:07','2019-11-18 09:48:07',NULL),(17,128,NULL,'DES',2,12,'REF','2019-11-18 09:48:41','2019-11-18 09:48:41',NULL),(18,129,NULL,'DESCRIPCION',2,12,'REFERENCIA','2019-11-18 10:48:50','2019-11-18 10:48:50',NULL);
/*!40000 ALTER TABLE `solvencia` ENABLE KEYS */;
UNLOCK TABLES;
DROP TABLE IF EXISTS `solvencia_tecnica`;
/*!40101 SET @saved_cs_client     = @@character_set_client */;
/*!40101 SET character_set_client = utf8 */;
CREATE TABLE `solvencia_tecnica` (
  `id` int(11) NOT NULL AUTO_INCREMENT,
  `agremiado_id` int(11) NOT NULL,
  `tipo_certificado` varchar(10) COLLATE utf8_spanish_ci NOT NULL,
  `cepir_id` int(11) DEFAULT NULL,
  `visado_id` int(11) DEFAULT NULL,
  `monto` int(11) NOT NULL,
  `medida` int(11) DEFAULT NULL,
  `descripcion` varchar(100) COLLATE utf8_spanish_ci DEFAULT NULL,
  `banco_id` int(11) NOT NULL,
  `referencia` varchar(25) COLLATE utf8_spanish_ci DEFAULT NULL,
  `tipo_pago_id` int(11) NOT NULL,
  `status` varchar(12) COLLATE utf8_spanish_ci DEFAULT NULL,
  `created_at` timestamp NOT NULL DEFAULT CURRENT_TIMESTAMP,
  `updated_at` timestamp NOT NULL DEFAULT CURRENT_TIMESTAMP,
  `deleted_at` timestamp NULL DEFAULT NULL,
  PRIMARY KEY (`id`),
  KEY `fk_agremiado` (`agremiado_id`),
  KEY `fk_tipopago` (`tipo_pago_id`),
  KEY `cepir_id` (`cepir_id`),
  KEY `visado_id` (`visado_id`),
  KEY `fk_banco` (`banco_id`) USING BTREE
) ENGINE=InnoDB AUTO_INCREMENT=28 DEFAULT CHARSET=utf8 COLLATE=utf8_spanish_ci;
/*!40101 SET character_set_client = @saved_cs_client */;

LOCK TABLES `solvencia_tecnica` WRITE;
/*!40000 ALTER TABLE `solvencia_tecnica` DISABLE KEYS */;
INSERT INTO `solvencia_tecnica` VALUES (1,48,'Cepir',NULL,NULL,14500,NULL,'DESCRIPCION',4,'REFERENCIA',6,NULL,'2019-10-16 19:32:06','2019-10-19 05:04:18','2019-10-19 05:04:18'),(2,68,'Visado',NULL,NULL,30000,500,'DESCRIPCION',7,'REFERENCIA',4,NULL,'2019-10-16 19:33:18','2019-10-19 05:04:07','2019-10-19 05:04:07'),(3,55,'Cepir',NULL,NULL,20000,NULL,'solvencia tecnica',11,'12345',4,NULL,'2019-10-19 17:39:15','2019-10-19 17:39:15',NULL),(5,59,'Cepir',NULL,NULL,6000,NULL,'PAGO CON TRANSFERENCIA',5,'66589',4,NULL,'2019-10-25 19:25:04','2019-10-25 19:25:04',NULL),(6,50,'Cepir',NULL,NULL,50000,NULL,'pago',1,'4458',6,NULL,'2019-10-28 17:07:02','2019-10-28 17:07:02',NULL),(7,48,'Cepir',NULL,NULL,40000,NULL,'DESCRIPCION',12,'12345',2,NULL,'2019-11-03 08:00:16','2019-11-03 08:00:16',NULL),(9,48,'Cepir',NULL,NULL,45000,NULL,'DESCRIPCION',12,'12345',2,NULL,'2019-11-03 08:03:26','2019-11-03 08:03:26',NULL),(10,52,'CEPIR',NULL,NULL,350000,NULL,'solvencia tecnica',5,'0202',6,NULL,'2019-11-03 10:28:42','2019-11-03 10:28:42',NULL),(12,52,'CEPIR',25,NULL,9000300,NULL,'DESCRIPCION',12,'REFERENCIA',2,NULL,'2019-11-03 10:35:05','2019-11-03 10:35:05',NULL),(13,52,'CEPIR',25,NULL,0,NULL,'DESCRIPCION',12,'REFERENCIA',2,NULL,'2019-11-03 10:45:15','2019-11-03 10:45:15',NULL),(14,52,'CEPIR',25,NULL,0,NULL,'DESCRIPCION',12,'REFERENCIA',2,NULL,'2019-11-03 10:45:51','2019-11-03 10:45:51',NULL),(15,51,'VISADO',NULL,6,245000,NULL,'DESCRIPCION',5,'0234',6,NULL,'2019-11-03 11:48:38','2019-11-03 11:48:38',NULL),(16,49,'VISADO',NULL,7,405055,NULL,'DESCRIPCION',10,'REFERENCIA',5,NULL,'2019-11-03 11:51:01','2019-11-03 11:51:01',NULL),(17,68,'CEPIR',24,NULL,29999,NULL,'DESCRIPCION',12,'REFERENCIA',2,NULL,'2019-11-04 12:58:37','2019-11-04 12:58:37',NULL),(18,52,'CEPIR',25,NULL,100000,NULL,'DESCRIPCION new',12,'new ref',2,NULL,'2019-11-04 13:31:06','2019-11-04 13:31:06',NULL),(19,52,'CEPIR',25,NULL,45000,NULL,'DESCRIPCION',12,'RED',2,NULL,'2019-11-04 13:35:14','2019-11-04 13:35:14',NULL),(20,51,'VISADO',NULL,6,1000000,NULL,'DESCRIPCION',12,'REFERENCIA',2,NULL,'2019-11-04 13:43:15','2019-11-04 13:43:15',NULL),(21,68,'CEPIR',26,NULL,450000,NULL,'DESCRIPCION',12,'REFERENCIA',2,NULL,'2019-11-04 16:53:04','2019-11-04 16:53:04',NULL),(22,49,'VISADO',NULL,8,45000,NULL,'DESCRIPCION',12,'REFERENCIA',2,NULL,'2019-11-04 16:56:31','2019-11-04 16:56:31',NULL),(23,68,'CEPIR',24,NULL,20000,NULL,'pago de certificado',6,'77948686755',4,NULL,'2019-11-04 18:55:13','2019-11-04 18:55:13',NULL),(24,49,'VISADO',NULL,5,50000,NULL,'autorizacion',12,'5444567755',5,NULL,'2019-11-04 19:02:05','2019-11-04 19:02:05',NULL),(25,50,'CEPIR',27,NULL,4500,NULL,'pago de cepir',1,'2654765',6,NULL,'2019-11-06 18:57:34','2019-11-06 18:57:34',NULL),(26,49,'VISADO',NULL,9,25000,NULL,'pago de visado',1,'57664345',4,NULL,'2019-11-06 19:03:03','2019-11-06 19:03:03',NULL),(27,48,'CEPIR',28,NULL,34483,NULL,'des',12,'ref',2,NULL,'2019-11-18 12:23:02','2019-11-18 12:23:02',NULL);
/*!40000 ALTER TABLE `solvencia_tecnica` ENABLE KEYS */;
UNLOCK TABLES;
DROP TABLE IF EXISTS `tarifa`;
/*!40101 SET @saved_cs_client     = @@character_set_client */;
/*!40101 SET character_set_client = utf8 */;
CREATE TABLE `tarifa` (
  `id` int(11) NOT NULL AUTO_INCREMENT,
  `nombre` varchar(30) NOT NULL,
  `monto` float DEFAULT NULL,
  `created_at` timestamp NULL DEFAULT NULL,
  `updated_at` timestamp NULL DEFAULT NULL,
  `deleted_at` timestamp NULL DEFAULT NULL,
  `fecha_ini` date DEFAULT NULL,
  `fecha_fin` date DEFAULT NULL,
  PRIMARY KEY (`id`)
) ENGINE=InnoDB AUTO_INCREMENT=13 DEFAULT CHARSET=latin1;
/*!40101 SET character_set_client = @saved_cs_client */;

LOCK TABLES `tarifa` WRITE;
/*!40000 ALTER TABLE `tarifa` DISABLE KEYS */;
INSERT INTO `tarifa` VALUES (2,'VISADO',700,'2019-04-08 04:36:38','2019-04-27 20:09:31','2019-04-27 20:09:31','2019-04-03','2019-05-19'),(3,'AUDITORIAS',5000,'2019-04-08 17:42:05','2019-11-06 18:17:43','2019-11-06 18:17:43','2019-01-01','2019-04-08'),(4,'SOLVENCIA',12000,'2019-05-28 22:02:17','2019-11-06 18:17:35','2019-11-06 18:17:35','2019-05-01','2019-05-31'),(5,'MARZO',30000,'2019-07-29 05:37:11','2019-11-06 18:23:16','2019-11-06 18:23:16','2000-01-01','2019-03-31'),(6,'OCTUBRE',500,'2019-10-31 04:58:09','2019-11-06 18:23:13','2019-11-06 18:23:13','2019-10-31','2019-10-29'),(7,'NOVIEMBRE',45000,'2019-11-03 07:33:57','2019-11-06 18:23:09','2019-11-06 18:23:09','2019-11-03','2019-11-03'),(8,'ENERO',1400,'2019-11-06 18:24:08','2019-11-06 18:24:08',NULL,'2019-01-01','2019-01-31'),(9,'FEBRERO',5000,'2019-11-06 18:27:22','2019-11-06 18:27:22',NULL,'2019-02-01','2019-02-28'),(10,'MARZO',6000,'2019-11-06 18:28:12','2019-11-06 18:28:12',NULL,'2019-03-01','2019-03-31'),(12,'DICIEMBRE',12000,'2019-11-18 10:05:03','2019-11-18 10:05:03',NULL,'2019-12-01','2019-12-31');
/*!40000 ALTER TABLE `tarifa` ENABLE KEYS */;
UNLOCK TABLES;
/*!50003 SET @saved_cs_client      = @@character_set_client */ ;
/*!50003 SET @saved_cs_results     = @@character_set_results */ ;
/*!50003 SET @saved_col_connection = @@collation_connection */ ;
/*!50003 SET character_set_client  = utf8mb4 */ ;
/*!50003 SET character_set_results = utf8mb4 */ ;
/*!50003 SET collation_connection  = utf8mb4_general_ci */ ;
/*!50003 SET @saved_sql_mode       = @@sql_mode */ ;
/*!50003 SET sql_mode              = 'NO_AUTO_VALUE_ON_ZERO' */ ;
DELIMITER ;;
/*!50003 CREATE*/ /*!50017 DEFINER=`root`@`localhost`*/ /*!50003 TRIGGER `tarifa_ai` AFTER INSERT ON `tarifa` FOR EACH ROW INSERT INTO bitacora (accion, fecha_hora, tabla) VALUES ('INSERT',NOW(), 'TARIFA') */;;
DELIMITER ;
/*!50003 SET sql_mode              = @saved_sql_mode */ ;
/*!50003 SET character_set_client  = @saved_cs_client */ ;
/*!50003 SET character_set_results = @saved_cs_results */ ;
/*!50003 SET collation_connection  = @saved_col_connection */ ;
/*!50003 SET @saved_cs_client      = @@character_set_client */ ;
/*!50003 SET @saved_cs_results     = @@character_set_results */ ;
/*!50003 SET @saved_col_connection = @@collation_connection */ ;
/*!50003 SET character_set_client  = utf8mb4 */ ;
/*!50003 SET character_set_results = utf8mb4 */ ;
/*!50003 SET collation_connection  = utf8mb4_general_ci */ ;
/*!50003 SET @saved_sql_mode       = @@sql_mode */ ;
/*!50003 SET sql_mode              = 'NO_AUTO_VALUE_ON_ZERO' */ ;
DELIMITER ;;
/*!50003 CREATE*/ /*!50017 DEFINER=`root`@`localhost`*/ /*!50003 TRIGGER `tarifa_au` AFTER UPDATE ON `tarifa` FOR EACH ROW INSERT INTO bitacora (accion, fecha_hora, tabla) VALUES ('UPDATE',NOW(), 'TARIFA') */;;
DELIMITER ;
/*!50003 SET sql_mode              = @saved_sql_mode */ ;
/*!50003 SET character_set_client  = @saved_cs_client */ ;
/*!50003 SET character_set_results = @saved_cs_results */ ;
/*!50003 SET collation_connection  = @saved_col_connection */ ;
/*!50003 SET @saved_cs_client      = @@character_set_client */ ;
/*!50003 SET @saved_cs_results     = @@character_set_results */ ;
/*!50003 SET @saved_col_connection = @@collation_connection */ ;
/*!50003 SET character_set_client  = utf8mb4 */ ;
/*!50003 SET character_set_results = utf8mb4 */ ;
/*!50003 SET collation_connection  = utf8mb4_general_ci */ ;
/*!50003 SET @saved_sql_mode       = @@sql_mode */ ;
/*!50003 SET sql_mode              = 'NO_AUTO_VALUE_ON_ZERO' */ ;
DELIMITER ;;
/*!50003 CREATE*/ /*!50017 DEFINER=`root`@`localhost`*/ /*!50003 TRIGGER `tarifa_ad` AFTER DELETE ON `tarifa` FOR EACH ROW INSERT INTO bitacora (accion, fecha_hora, tabla) VALUES ('DELETE',NOW(), 'TARIFA') */;;
DELIMITER ;
/*!50003 SET sql_mode              = @saved_sql_mode */ ;
/*!50003 SET character_set_client  = @saved_cs_client */ ;
/*!50003 SET character_set_results = @saved_cs_results */ ;
/*!50003 SET collation_connection  = @saved_col_connection */ ;
DROP TABLE IF EXISTS `tarifa_solvencia`;
/*!40101 SET @saved_cs_client     = @@character_set_client */;
/*!40101 SET character_set_client = utf8 */;
CREATE TABLE `tarifa_solvencia` (
  `id` int(11) NOT NULL AUTO_INCREMENT,
  `tarifa_id` int(11) NOT NULL,
  `agremiado_id` int(11) NOT NULL,
  `created_at` timestamp NOT NULL DEFAULT CURRENT_TIMESTAMP,
  `updated_at` timestamp NOT NULL DEFAULT CURRENT_TIMESTAMP,
  `deleted_at` timestamp NULL DEFAULT NULL,
  PRIMARY KEY (`id`),
  KEY `tarifa_id` (`tarifa_id`),
  KEY `solvencia_id` (`agremiado_id`)
) ENGINE=InnoDB AUTO_INCREMENT=43 DEFAULT CHARSET=utf8 COLLATE=utf8_spanish_ci;
/*!40101 SET character_set_client = @saved_cs_client */;

LOCK TABLES `tarifa_solvencia` WRITE;
/*!40000 ALTER TABLE `tarifa_solvencia` DISABLE KEYS */;
INSERT INTO `tarifa_solvencia` VALUES (1,4,142,'2019-11-04 05:53:39','2019-11-04 05:53:39',NULL),(2,5,142,'2019-11-04 05:53:39','2019-11-04 05:53:39',NULL),(3,6,142,'2019-11-04 05:53:39','2019-11-04 05:53:39',NULL),(4,7,142,'2019-11-04 05:53:39','2019-11-04 05:53:39',NULL),(5,3,147,'2019-11-04 05:55:24','2019-11-04 05:55:24',NULL),(7,5,147,'2019-11-04 05:55:24','2019-11-04 05:55:24',NULL),(8,4,147,'2019-11-04 07:03:52','2019-11-04 07:03:52',NULL),(10,6,147,'2019-11-04 07:03:52','2019-11-04 07:03:52',NULL),(12,7,147,'2019-11-04 08:48:59','2019-11-04 08:48:59',NULL),(13,3,127,'2019-11-04 08:54:52','2019-11-04 08:54:52',NULL),(14,4,127,'2019-11-04 08:54:52','2019-11-04 08:54:52',NULL),(15,5,127,'2019-11-04 08:54:52','2019-11-04 08:54:52',NULL),(16,6,127,'2019-11-04 08:54:52','2019-11-04 08:54:52',NULL),(17,3,128,'2019-11-04 09:59:38','2019-11-04 09:59:38',NULL),(18,4,128,'2019-11-04 09:59:38','2019-11-04 09:59:38',NULL),(19,5,128,'2019-11-04 09:59:38','2019-11-04 09:59:38',NULL),(20,6,128,'2019-11-04 09:59:38','2019-11-04 09:59:38',NULL),(21,4,133,'2019-11-04 10:20:43','2019-11-04 10:20:43',NULL),(22,3,143,'2019-11-04 12:57:57','2019-11-04 12:57:57',NULL),(23,4,143,'2019-11-04 12:57:57','2019-11-04 12:57:57',NULL),(24,5,143,'2019-11-04 12:57:57','2019-11-04 12:57:57',NULL),(25,6,143,'2019-11-04 12:57:57','2019-11-04 12:57:57',NULL),(26,3,130,'2019-11-04 14:52:12','2019-11-04 14:52:12',NULL),(27,4,130,'2019-11-04 14:52:12','2019-11-04 14:52:12',NULL),(28,5,130,'2019-11-04 14:52:12','2019-11-04 14:52:12',NULL),(29,6,130,'2019-11-04 14:52:12','2019-11-04 14:52:12',NULL),(30,7,127,'2019-11-06 13:30:03','2019-11-06 13:30:03',NULL),(31,8,127,'2019-11-06 14:47:08','2019-11-06 14:47:08',NULL),(32,9,127,'2019-11-06 14:47:08','2019-11-06 14:47:08',NULL),(33,10,127,'2019-11-06 14:50:17','2019-11-06 14:50:17',NULL),(34,8,130,'2019-11-16 16:26:53','2019-11-16 16:26:53',NULL),(35,9,130,'2019-11-16 16:26:53','2019-11-16 16:26:53',NULL),(36,10,130,'2019-11-16 16:26:53','2019-11-16 16:26:53',NULL),(37,8,128,'2019-11-18 05:48:08','2019-11-18 05:48:08',NULL),(38,10,128,'2019-11-18 05:48:08','2019-11-18 05:48:08',NULL),(39,9,128,'2019-11-18 05:48:41','2019-11-18 05:48:41',NULL),(40,8,129,'2019-11-18 06:48:50','2019-11-18 06:48:50',NULL),(41,9,129,'2019-11-18 06:48:50','2019-11-18 06:48:50',NULL),(42,10,129,'2019-11-18 06:48:50','2019-11-18 06:48:50',NULL);
/*!40000 ALTER TABLE `tarifa_solvencia` ENABLE KEYS */;
UNLOCK TABLES;
DROP TABLE IF EXISTS `tipo_pago`;
/*!40101 SET @saved_cs_client     = @@character_set_client */;
/*!40101 SET character_set_client = utf8 */;
CREATE TABLE `tipo_pago` (
  `id` int(11) NOT NULL AUTO_INCREMENT,
  `nombre` varchar(50) NOT NULL,
  `deleted_at` timestamp NULL DEFAULT NULL ON UPDATE CURRENT_TIMESTAMP,
  `created_at` timestamp NULL DEFAULT CURRENT_TIMESTAMP ON UPDATE CURRENT_TIMESTAMP,
  `updated_at` timestamp NULL DEFAULT CURRENT_TIMESTAMP ON UPDATE CURRENT_TIMESTAMP,
  PRIMARY KEY (`id`)
) ENGINE=InnoDB AUTO_INCREMENT=7 DEFAULT CHARSET=latin1;
/*!40101 SET character_set_client = @saved_cs_client */;

LOCK TABLES `tipo_pago` WRITE;
/*!40000 ALTER TABLE `tipo_pago` DISABLE KEYS */;
INSERT INTO `tipo_pago` VALUES (1,'TRASFERENCIA','2019-04-27 20:04:53','2019-04-27 16:04:53','2019-04-27 20:04:53'),(2,'CHEQUE',NULL,'2019-04-23 17:54:50','2019-04-23 17:54:50'),(3,'PARA','2019-07-09 22:53:39','2019-07-09 18:53:39','2019-07-09 22:53:39'),(4,'TRANSFERENCIA',NULL,'2019-05-28 22:04:05','2019-05-28 22:04:05'),(5,'EFECTIVO',NULL,'2019-07-09 22:53:52','2019-07-09 22:53:52'),(6,'PAGO MOVIL',NULL,'2019-07-09 23:23:25','2019-07-09 23:23:25');
/*!40000 ALTER TABLE `tipo_pago` ENABLE KEYS */;
UNLOCK TABLES;
DROP TABLE IF EXISTS `tipo_proyecto`;
/*!40101 SET @saved_cs_client     = @@character_set_client */;
/*!40101 SET character_set_client = utf8 */;
CREATE TABLE `tipo_proyecto` (
  `id` int(11) NOT NULL AUTO_INCREMENT,
  `nombre` varchar(50) COLLATE utf8_spanish_ci NOT NULL,
  `created_at` timestamp NULL DEFAULT NULL,
  `updated_at` timestamp NULL DEFAULT NULL,
  `deleted_at` timestamp NULL DEFAULT NULL,
  PRIMARY KEY (`id`)
) ENGINE=InnoDB AUTO_INCREMENT=8 DEFAULT CHARSET=utf8 COLLATE=utf8_spanish_ci;
/*!40101 SET character_set_client = @saved_cs_client */;

LOCK TABLES `tipo_proyecto` WRITE;
/*!40000 ALTER TABLE `tipo_proyecto` DISABLE KEYS */;
INSERT INTO `tipo_proyecto` VALUES (1,'DEPARTAMENTO',NULL,'2019-04-25 02:14:42','2019-04-25 02:14:42'),(2,'LEVANTAMIENTO DE PARED','2019-04-25 02:14:25','2019-04-27 20:03:53','2019-04-27 20:03:53'),(3,'RESTAURACION','2019-04-25 02:14:35','2019-04-25 02:14:35',NULL),(4,'EDIFICIO','2019-04-25 02:15:03','2019-07-09 22:56:54','2019-07-09 22:56:54'),(5,'AMPLIACION','2019-07-09 22:56:24','2019-07-09 22:56:24',NULL),(6,'REMODELACION','2019-07-09 22:57:20','2019-07-09 22:57:20',NULL),(7,'CONSTRUCCION','2019-07-09 22:57:33','2019-07-09 22:57:33',NULL);
/*!40000 ALTER TABLE `tipo_proyecto` ENABLE KEYS */;
UNLOCK TABLES;
/*!50003 SET @saved_cs_client      = @@character_set_client */ ;
/*!50003 SET @saved_cs_results     = @@character_set_results */ ;
/*!50003 SET @saved_col_connection = @@collation_connection */ ;
/*!50003 SET character_set_client  = utf8mb4 */ ;
/*!50003 SET character_set_results = utf8mb4 */ ;
/*!50003 SET collation_connection  = utf8mb4_general_ci */ ;
/*!50003 SET @saved_sql_mode       = @@sql_mode */ ;
/*!50003 SET sql_mode              = 'NO_AUTO_VALUE_ON_ZERO' */ ;
DELIMITER ;;
/*!50003 CREATE*/ /*!50017 DEFINER=`root`@`localhost`*/ /*!50003 TRIGGER `tipop_ai` AFTER INSERT ON `tipo_proyecto` FOR EACH ROW INSERT INTO bitacora (accion, fecha_hora, tabla) VALUES ('INSERT',NOW(), 'MOTIVO') */;;
DELIMITER ;
/*!50003 SET sql_mode              = @saved_sql_mode */ ;
/*!50003 SET character_set_client  = @saved_cs_client */ ;
/*!50003 SET character_set_results = @saved_cs_results */ ;
/*!50003 SET collation_connection  = @saved_col_connection */ ;
/*!50003 SET @saved_cs_client      = @@character_set_client */ ;
/*!50003 SET @saved_cs_results     = @@character_set_results */ ;
/*!50003 SET @saved_col_connection = @@collation_connection */ ;
/*!50003 SET character_set_client  = utf8mb4 */ ;
/*!50003 SET character_set_results = utf8mb4 */ ;
/*!50003 SET collation_connection  = utf8mb4_general_ci */ ;
/*!50003 SET @saved_sql_mode       = @@sql_mode */ ;
/*!50003 SET sql_mode              = 'NO_AUTO_VALUE_ON_ZERO' */ ;
DELIMITER ;;
/*!50003 CREATE*/ /*!50017 DEFINER=`root`@`localhost`*/ /*!50003 TRIGGER `tipop_au` AFTER UPDATE ON `tipo_proyecto` FOR EACH ROW INSERT INTO bitacora (accion, fecha_hora, tabla) VALUES ('UPDATE',NOW(), 'MOTIVO') */;;
DELIMITER ;
/*!50003 SET sql_mode              = @saved_sql_mode */ ;
/*!50003 SET character_set_client  = @saved_cs_client */ ;
/*!50003 SET character_set_results = @saved_cs_results */ ;
/*!50003 SET collation_connection  = @saved_col_connection */ ;
/*!50003 SET @saved_cs_client      = @@character_set_client */ ;
/*!50003 SET @saved_cs_results     = @@character_set_results */ ;
/*!50003 SET @saved_col_connection = @@collation_connection */ ;
/*!50003 SET character_set_client  = utf8mb4 */ ;
/*!50003 SET character_set_results = utf8mb4 */ ;
/*!50003 SET collation_connection  = utf8mb4_general_ci */ ;
/*!50003 SET @saved_sql_mode       = @@sql_mode */ ;
/*!50003 SET sql_mode              = 'NO_AUTO_VALUE_ON_ZERO' */ ;
DELIMITER ;;
/*!50003 CREATE*/ /*!50017 DEFINER=`root`@`localhost`*/ /*!50003 TRIGGER `tipop_ad` AFTER DELETE ON `tipo_proyecto` FOR EACH ROW INSERT INTO bitacora (accion, fecha_hora, tabla) VALUES ('DELETE',NOW(), 'MOTIVO') */;;
DELIMITER ;
/*!50003 SET sql_mode              = @saved_sql_mode */ ;
/*!50003 SET character_set_client  = @saved_cs_client */ ;
/*!50003 SET character_set_results = @saved_cs_results */ ;
/*!50003 SET collation_connection  = @saved_col_connection */ ;
DROP TABLE IF EXISTS `universidad`;
/*!40101 SET @saved_cs_client     = @@character_set_client */;
/*!40101 SET character_set_client = utf8 */;
CREATE TABLE `universidad` (
  `id` int(11) NOT NULL AUTO_INCREMENT,
  `nombre` varchar(30) NOT NULL,
  `created_at` timestamp NULL DEFAULT NULL,
  `updated_at` timestamp NULL DEFAULT NULL,
  `deleted_at` timestamp NULL DEFAULT NULL,
  PRIMARY KEY (`id`)
) ENGINE=InnoDB AUTO_INCREMENT=10 DEFAULT CHARSET=latin1;
/*!40101 SET character_set_client = @saved_cs_client */;

LOCK TABLES `universidad` WRITE;
/*!40000 ALTER TABLE `universidad` DISABLE KEYS */;
INSERT INTO `universidad` VALUES (1,'UCLA',NULL,'2019-04-27 20:05:19','2019-04-27 20:05:19'),(2,'UPTYAB','2019-04-21 17:47:59','2019-04-21 17:48:16',NULL),(3,'USB','2019-04-27 20:05:13','2019-04-27 20:05:13',NULL),(4,'ULA','2019-05-13 17:42:40','2019-05-13 17:42:40',NULL),(5,'UNEFA','2019-07-09 23:17:10','2019-07-09 23:17:10',NULL),(6,'UCV','2019-07-09 23:17:35','2019-07-09 23:17:35',NULL),(7,'UNEFM','2019-07-09 23:18:17','2019-07-09 23:18:17',NULL),(8,'UNELLEZ','2019-07-09 23:19:21','2019-07-09 23:19:21',NULL),(9,'UNA','2019-07-09 23:21:10','2019-07-09 23:21:10',NULL);
/*!40000 ALTER TABLE `universidad` ENABLE KEYS */;
UNLOCK TABLES;
/*!50003 SET @saved_cs_client      = @@character_set_client */ ;
/*!50003 SET @saved_cs_results     = @@character_set_results */ ;
/*!50003 SET @saved_col_connection = @@collation_connection */ ;
/*!50003 SET character_set_client  = utf8mb4 */ ;
/*!50003 SET character_set_results = utf8mb4 */ ;
/*!50003 SET collation_connection  = utf8mb4_general_ci */ ;
/*!50003 SET @saved_sql_mode       = @@sql_mode */ ;
/*!50003 SET sql_mode              = 'NO_AUTO_VALUE_ON_ZERO' */ ;
DELIMITER ;;
/*!50003 CREATE*/ /*!50017 DEFINER=`root`@`localhost`*/ /*!50003 TRIGGER `universidad_ai` AFTER INSERT ON `universidad` FOR EACH ROW INSERT INTO bitacora (accion, fecha_hora, tabla) VALUES ('INSERT',NOW(), 'UNIVERSIDAD') */;;
DELIMITER ;
/*!50003 SET sql_mode              = @saved_sql_mode */ ;
/*!50003 SET character_set_client  = @saved_cs_client */ ;
/*!50003 SET character_set_results = @saved_cs_results */ ;
/*!50003 SET collation_connection  = @saved_col_connection */ ;
/*!50003 SET @saved_cs_client      = @@character_set_client */ ;
/*!50003 SET @saved_cs_results     = @@character_set_results */ ;
/*!50003 SET @saved_col_connection = @@collation_connection */ ;
/*!50003 SET character_set_client  = utf8mb4 */ ;
/*!50003 SET character_set_results = utf8mb4 */ ;
/*!50003 SET collation_connection  = utf8mb4_general_ci */ ;
/*!50003 SET @saved_sql_mode       = @@sql_mode */ ;
/*!50003 SET sql_mode              = 'NO_AUTO_VALUE_ON_ZERO' */ ;
DELIMITER ;;
/*!50003 CREATE*/ /*!50017 DEFINER=`root`@`localhost`*/ /*!50003 TRIGGER `universidad_au` AFTER UPDATE ON `universidad` FOR EACH ROW INSERT INTO bitacora (accion, fecha_hora, tabla) VALUES ('UPDATE',NOW(), 'UNIVERSIDAD') */;;
DELIMITER ;
/*!50003 SET sql_mode              = @saved_sql_mode */ ;
/*!50003 SET character_set_client  = @saved_cs_client */ ;
/*!50003 SET character_set_results = @saved_cs_results */ ;
/*!50003 SET collation_connection  = @saved_col_connection */ ;
/*!50003 SET @saved_cs_client      = @@character_set_client */ ;
/*!50003 SET @saved_cs_results     = @@character_set_results */ ;
/*!50003 SET @saved_col_connection = @@collation_connection */ ;
/*!50003 SET character_set_client  = utf8mb4 */ ;
/*!50003 SET character_set_results = utf8mb4 */ ;
/*!50003 SET collation_connection  = utf8mb4_general_ci */ ;
/*!50003 SET @saved_sql_mode       = @@sql_mode */ ;
/*!50003 SET sql_mode              = 'NO_AUTO_VALUE_ON_ZERO' */ ;
DELIMITER ;;
/*!50003 CREATE*/ /*!50017 DEFINER=`root`@`localhost`*/ /*!50003 TRIGGER `universidad_ad` AFTER DELETE ON `universidad` FOR EACH ROW INSERT INTO bitacora (accion, fecha_hora, tabla) VALUES ('DELETE',NOW(), 'UNIVERSIDAD') */;;
DELIMITER ;
/*!50003 SET sql_mode              = @saved_sql_mode */ ;
/*!50003 SET character_set_client  = @saved_cs_client */ ;
/*!50003 SET character_set_results = @saved_cs_results */ ;
/*!50003 SET collation_connection  = @saved_col_connection */ ;
DROP TABLE IF EXISTS `users`;
/*!40101 SET @saved_cs_client     = @@character_set_client */;
/*!40101 SET character_set_client = utf8 */;
CREATE TABLE `users` (
  `id` bigint(20) unsigned NOT NULL AUTO_INCREMENT,
  `name` varchar(255) COLLATE utf8mb4_unicode_ci NOT NULL,
  `email` varchar(255) COLLATE utf8mb4_unicode_ci NOT NULL,
  `email_verified_at` timestamp NULL DEFAULT NULL,
  `password` varchar(255) COLLATE utf8mb4_unicode_ci NOT NULL,
  `remember_token` varchar(100) COLLATE utf8mb4_unicode_ci DEFAULT NULL,
  `pregunta_seguridad` varchar(50) COLLATE utf8mb4_unicode_ci NOT NULL,
  `respuesta_seguridad` varchar(50) COLLATE utf8mb4_unicode_ci NOT NULL,
  `created_at` timestamp NULL DEFAULT NULL,
  `updated_at` timestamp NULL DEFAULT NULL,
  `deleted_at` timestamp NULL DEFAULT NULL,
  PRIMARY KEY (`id`)
) ENGINE=InnoDB AUTO_INCREMENT=32 DEFAULT CHARSET=utf8mb4 COLLATE=utf8mb4_unicode_ci;
/*!40101 SET character_set_client = @saved_cs_client */;

LOCK TABLES `users` WRITE;
/*!40000 ALTER TABLE `users` DISABLE KEYS */;
INSERT INTO `users` VALUES (1,'CENTRO','centroyaracuy@gmail.com','2019-03-29 04:00:00','$2y$10$c6YJlaoYziVojOmwEiMqZeeoocSsfACyYa58VbJULDlx9vTHqZg2i',NULL,'0','0','2019-03-29 04:00:00','2019-07-09 18:08:33',NULL),(2,'abraham','abraham020697@gmail.com',NULL,'12345678',NULL,'0','0','2019-05-01 02:40:14','2019-07-29 04:31:45','2019-07-29 04:31:45'),(22,'alocha','alocha@gmail.com',NULL,'$2y$10$yAhhXaq9MFAU5xyMidscvOwPtBK45TRbh8AUQb0TzlOijo0iT2T1m',NULL,'0','0','2019-06-10 04:00:00','2019-07-29 04:30:47','2019-07-29 04:30:47'),(23,'PAPALO','ALGO@ASAAL.COM',NULL,'87654321',NULL,'0','0','2019-06-15 05:35:55','2019-06-15 07:23:36','2019-06-15 07:23:36'),(24,'DEIVI','DEIVI@BE.COM',NULL,'12345678',NULL,'0','0','2019-06-17 05:55:33','2019-06-17 06:04:51','2019-06-17 06:04:51'),(25,'LELE','LELE@LELE.COM',NULL,'12345678',NULL,'0','0','2019-06-17 06:04:33','2019-06-17 06:55:52','2019-06-17 06:55:52'),(26,'SACHA','GRAY@AKA.COM',NULL,'12345678',NULL,'0','0','2019-06-17 06:05:10','2019-07-29 04:30:53','2019-07-29 04:30:53'),(27,'OTILIO','OTILIO@GMAIL.COM',NULL,'12345678',NULL,'0','0','2019-06-25 18:58:05','2019-07-29 04:30:57','2019-07-29 04:30:57'),(28,'PRUEBA','CENTROYARACUY1@GMAIL.COM',NULL,'$2y$10$yAhhXaq9MFAU5xyMidscvOwPtBK45TRbh8AUQb0TzlOijo0iT2T1m',NULL,'0','0','2019-07-09 17:38:57','2019-07-09 18:13:10','2019-07-09 18:13:10'),(29,'INVITADO','ABRAHAM_020697@HOTMAIL.COM',NULL,'$2y$10$nnts8ReeHU4q.D8DhY/r8OpJ16aRoLuIdhMKINQsXeMrNH2RCBn4e',NULL,'0','0','2019-07-29 04:31:39','2019-07-29 04:31:39',NULL),(30,'PEDROGLNZ','SSPGFP@GMAIL.COM',NULL,'$2y$10$7/jH57yrF9nDMM5PadJVFOOomAkE3Htjm0lX543bPAIjPJ9g7dc4G',NULL,'¿Cual es su color favorito?','VERDE','2019-11-04 01:40:06','2019-11-04 01:40:06',NULL),(31,'LUISA','LUISA76@GMAIL.COM',NULL,'$2y$10$3mbP8VnOe/oEmYtA3GXlYuw3jpxfl1W5G/pd/dSdVJCcIIxm.tM1G',NULL,'¿Cual es el segundo nombre de su abuelo paterno?','RICHARD','2019-11-04 01:41:57','2019-11-04 01:41:57',NULL);
/*!40000 ALTER TABLE `users` ENABLE KEYS */;
UNLOCK TABLES;
/*!50003 SET @saved_cs_client      = @@character_set_client */ ;
/*!50003 SET @saved_cs_results     = @@character_set_results */ ;
/*!50003 SET @saved_col_connection = @@collation_connection */ ;
/*!50003 SET character_set_client  = utf8mb4 */ ;
/*!50003 SET character_set_results = utf8mb4 */ ;
/*!50003 SET collation_connection  = utf8mb4_general_ci */ ;
/*!50003 SET @saved_sql_mode       = @@sql_mode */ ;
/*!50003 SET sql_mode              = 'NO_AUTO_VALUE_ON_ZERO' */ ;
DELIMITER ;;
/*!50003 CREATE*/ /*!50017 DEFINER=`root`@`localhost`*/ /*!50003 TRIGGER `users_ai` AFTER INSERT ON `users` FOR EACH ROW INSERT INTO bitacora (accion, fecha_hora, tabla) VALUES ('INSERT',NOW(), 'USERS') */;;
DELIMITER ;
/*!50003 SET sql_mode              = @saved_sql_mode */ ;
/*!50003 SET character_set_client  = @saved_cs_client */ ;
/*!50003 SET character_set_results = @saved_cs_results */ ;
/*!50003 SET collation_connection  = @saved_col_connection */ ;
/*!50003 SET @saved_cs_client      = @@character_set_client */ ;
/*!50003 SET @saved_cs_results     = @@character_set_results */ ;
/*!50003 SET @saved_col_connection = @@collation_connection */ ;
/*!50003 SET character_set_client  = utf8mb4 */ ;
/*!50003 SET character_set_results = utf8mb4 */ ;
/*!50003 SET collation_connection  = utf8mb4_general_ci */ ;
/*!50003 SET @saved_sql_mode       = @@sql_mode */ ;
/*!50003 SET sql_mode              = 'NO_AUTO_VALUE_ON_ZERO' */ ;
DELIMITER ;;
/*!50003 CREATE*/ /*!50017 DEFINER=`root`@`localhost`*/ /*!50003 TRIGGER `users_au` AFTER UPDATE ON `users` FOR EACH ROW INSERT INTO bitacora (accion, fecha_hora, tabla) VALUES ('UPDATE',NOW(), 'USERS') */;;
DELIMITER ;
/*!50003 SET sql_mode              = @saved_sql_mode */ ;
/*!50003 SET character_set_client  = @saved_cs_client */ ;
/*!50003 SET character_set_results = @saved_cs_results */ ;
/*!50003 SET collation_connection  = @saved_col_connection */ ;
/*!50003 SET @saved_cs_client      = @@character_set_client */ ;
/*!50003 SET @saved_cs_results     = @@character_set_results */ ;
/*!50003 SET @saved_col_connection = @@collation_connection */ ;
/*!50003 SET character_set_client  = utf8mb4 */ ;
/*!50003 SET character_set_results = utf8mb4 */ ;
/*!50003 SET collation_connection  = utf8mb4_general_ci */ ;
/*!50003 SET @saved_sql_mode       = @@sql_mode */ ;
/*!50003 SET sql_mode              = 'NO_AUTO_VALUE_ON_ZERO' */ ;
DELIMITER ;;
/*!50003 CREATE*/ /*!50017 DEFINER=`root`@`localhost`*/ /*!50003 TRIGGER `users_ad` AFTER DELETE ON `users` FOR EACH ROW INSERT INTO bitacora (accion, fecha_hora, tabla) VALUES ('DELETE',NOW(), 'USERS') */;;
DELIMITER ;
/*!50003 SET sql_mode              = @saved_sql_mode */ ;
/*!50003 SET character_set_client  = @saved_cs_client */ ;
/*!50003 SET character_set_results = @saved_cs_results */ ;
/*!50003 SET collation_connection  = @saved_col_connection */ ;
DROP TABLE IF EXISTS `usuario`;
/*!40101 SET @saved_cs_client     = @@character_set_client */;
/*!40101 SET character_set_client = utf8 */;
CREATE TABLE `usuario` (
  `id` int(11) NOT NULL AUTO_INCREMENT,
  `nombre` varchar(50) NOT NULL,
  `clave` text NOT NULL,
  `status` int(11) NOT NULL,
  `perfil_id` int(11) NOT NULL,
  `persona_id` int(11) NOT NULL,
  PRIMARY KEY (`id`),
  UNIQUE KEY `persona_id` (`persona_id`),
  KEY `perfil_id` (`perfil_id`),
  CONSTRAINT `usuario_ibfk_1` FOREIGN KEY (`perfil_id`) REFERENCES `perfil` (`id`)
) ENGINE=InnoDB DEFAULT CHARSET=latin1;
/*!40101 SET character_set_client = @saved_cs_client */;

LOCK TABLES `usuario` WRITE;
/*!40000 ALTER TABLE `usuario` DISABLE KEYS */;
/*!40000 ALTER TABLE `usuario` ENABLE KEYS */;
UNLOCK TABLES;
/*!50003 SET @saved_cs_client      = @@character_set_client */ ;
/*!50003 SET @saved_cs_results     = @@character_set_results */ ;
/*!50003 SET @saved_col_connection = @@collation_connection */ ;
/*!50003 SET character_set_client  = utf8mb4 */ ;
/*!50003 SET character_set_results = utf8mb4 */ ;
/*!50003 SET collation_connection  = utf8mb4_general_ci */ ;
/*!50003 SET @saved_sql_mode       = @@sql_mode */ ;
/*!50003 SET sql_mode              = 'NO_AUTO_VALUE_ON_ZERO' */ ;
DELIMITER ;;
/*!50003 CREATE*/ /*!50017 DEFINER=`root`@`localhost`*/ /*!50003 TRIGGER `usuario_ai` AFTER INSERT ON `usuario` FOR EACH ROW INSERT INTO bitacora (accion, fecha_hora, tabla) VALUES ('INSERT',NOW(), 'USUARIO') */;;
DELIMITER ;
/*!50003 SET sql_mode              = @saved_sql_mode */ ;
/*!50003 SET character_set_client  = @saved_cs_client */ ;
/*!50003 SET character_set_results = @saved_cs_results */ ;
/*!50003 SET collation_connection  = @saved_col_connection */ ;
/*!50003 SET @saved_cs_client      = @@character_set_client */ ;
/*!50003 SET @saved_cs_results     = @@character_set_results */ ;
/*!50003 SET @saved_col_connection = @@collation_connection */ ;
/*!50003 SET character_set_client  = utf8mb4 */ ;
/*!50003 SET character_set_results = utf8mb4 */ ;
/*!50003 SET collation_connection  = utf8mb4_general_ci */ ;
/*!50003 SET @saved_sql_mode       = @@sql_mode */ ;
/*!50003 SET sql_mode              = 'NO_AUTO_VALUE_ON_ZERO' */ ;
DELIMITER ;;
/*!50003 CREATE*/ /*!50017 DEFINER=`root`@`localhost`*/ /*!50003 TRIGGER `usuario_au` AFTER UPDATE ON `usuario` FOR EACH ROW INSERT INTO bitacora (accion, fecha_hora, tabla) VALUES ('UPDATE',NOW(), 'USUARIO') */;;
DELIMITER ;
/*!50003 SET sql_mode              = @saved_sql_mode */ ;
/*!50003 SET character_set_client  = @saved_cs_client */ ;
/*!50003 SET character_set_results = @saved_cs_results */ ;
/*!50003 SET collation_connection  = @saved_col_connection */ ;
/*!50003 SET @saved_cs_client      = @@character_set_client */ ;
/*!50003 SET @saved_cs_results     = @@character_set_results */ ;
/*!50003 SET @saved_col_connection = @@collation_connection */ ;
/*!50003 SET character_set_client  = utf8mb4 */ ;
/*!50003 SET character_set_results = utf8mb4 */ ;
/*!50003 SET collation_connection  = utf8mb4_general_ci */ ;
/*!50003 SET @saved_sql_mode       = @@sql_mode */ ;
/*!50003 SET sql_mode              = 'NO_AUTO_VALUE_ON_ZERO' */ ;
DELIMITER ;;
/*!50003 CREATE*/ /*!50017 DEFINER=`root`@`localhost`*/ /*!50003 TRIGGER `usuario_ad` AFTER DELETE ON `usuario` FOR EACH ROW INSERT INTO bitacora (accion, fecha_hora, tabla) VALUES ('DELETE',NOW(), 'USUARIO') */;;
DELIMITER ;
/*!50003 SET sql_mode              = @saved_sql_mode */ ;
/*!50003 SET character_set_client  = @saved_cs_client */ ;
/*!50003 SET character_set_results = @saved_cs_results */ ;
/*!50003 SET collation_connection  = @saved_col_connection */ ;
DROP TABLE IF EXISTS `view_auditoria_agremiado`;
/*!50001 DROP VIEW IF EXISTS `view_auditoria_agremiado`*/;
SET @saved_cs_client     = @@character_set_client;
SET character_set_client = utf8;
/*!50001 CREATE VIEW `view_auditoria_agremiado` AS SELECT 
 1 AS `civ`,
 1 AS `cedula`,
 1 AS `nombre_persona`,
 1 AS `apellido`,
 1 AS `status`,
 1 AS `nombre_auditoria`,
 1 AS `observacion`,
 1 AS `observacion_final`,
 1 AS `created_at`,
 1 AS `updated_at`*/;
SET character_set_client = @saved_cs_client;
DROP TABLE IF EXISTS `view_auditoria_status_total`;
/*!50001 DROP VIEW IF EXISTS `view_auditoria_status_total`*/;
SET @saved_cs_client     = @@character_set_client;
SET character_set_client = utf8;
/*!50001 CREATE VIEW `view_auditoria_status_total` AS SELECT 
 1 AS `aprobados`,
 1 AS `rechazados`,
 1 AS `auditando`*/;
SET character_set_client = @saved_cs_client;
DROP TABLE IF EXISTS `view_cepir_agremiado`;
/*!50001 DROP VIEW IF EXISTS `view_cepir_agremiado`*/;
SET @saved_cs_client     = @@character_set_client;
SET character_set_client = utf8;
/*!50001 CREATE VIEW `view_cepir_agremiado` AS SELECT 
 1 AS `civ`,
 1 AS `cedula`,
 1 AS `nombre`,
 1 AS `apellido`,
 1 AS `nombre_proyecto`,
 1 AS `ncontrato`,
 1 AS `monto_letras`,
 1 AS `monto_num`,
 1 AS `created_at`*/;
SET character_set_client = @saved_cs_client;
DROP TABLE IF EXISTS `visado`;
/*!40101 SET @saved_cs_client     = @@character_set_client */;
/*!40101 SET character_set_client = utf8 */;
CREATE TABLE `visado` (
  `id` int(11) NOT NULL AUTO_INCREMENT,
  `agremiado_id` int(11) NOT NULL,
  `observacion` varchar(150) NOT NULL,
  `status` varchar(15) DEFAULT NULL,
  `auditoria_id` int(11) NOT NULL,
  `created_at` timestamp NULL DEFAULT CURRENT_TIMESTAMP ON UPDATE CURRENT_TIMESTAMP,
  `updated_at` timestamp NULL DEFAULT CURRENT_TIMESTAMP ON UPDATE CURRENT_TIMESTAMP,
  `deleted_at` timestamp NULL DEFAULT CURRENT_TIMESTAMP ON UPDATE CURRENT_TIMESTAMP,
  PRIMARY KEY (`id`),
  KEY `agremiado_id` (`agremiado_id`)
) ENGINE=InnoDB AUTO_INCREMENT=13 DEFAULT CHARSET=latin1;
/*!40101 SET character_set_client = @saved_cs_client */;

LOCK TABLES `visado` WRITE;
/*!40000 ALTER TABLE `visado` DISABLE KEYS */;
INSERT INTO `visado` VALUES (5,49,'OBSERVAME','SOLVENTE',0,'2019-11-03 07:29:59','2019-11-03 07:29:59','2019-11-03 07:29:59'),(6,51,'TODO LISTO PARA LA OBRA','SOLVENTE',0,'2019-11-04 09:43:15','2019-11-04 09:43:15','2019-11-04 09:43:15'),(7,49,'NEL','SOLVENTE',0,'2019-11-03 07:51:01','2019-11-03 07:51:01','2019-11-03 07:51:01'),(8,49,'NADA QUE ACOTAR','SOLVENTE',0,'2019-11-04 12:56:31','2019-11-04 12:56:31','2019-11-04 12:56:31'),(9,49,'REALIZAR OBRA','SOLVENTE',0,'2019-11-06 15:03:03','2019-11-06 15:03:03','2019-11-06 15:03:03'),(10,49,'PLANO','DEUDOR',0,'2019-11-06 19:00:39','2019-11-06 19:00:39','2019-11-06 15:00:39'),(11,49,'OBSERVACION PRUEBAS','DEUDOR',5,'2019-11-13 19:36:19','2019-11-13 19:36:19','2019-11-13 15:36:19'),(12,68,'OBSERVACION PARA ABRA','DEUDOR',7,'2019-11-13 19:45:10','2019-11-13 19:45:10','2019-11-13 15:45:10');
/*!40000 ALTER TABLE `visado` ENABLE KEYS */;
UNLOCK TABLES;
DROP TABLE IF EXISTS `visado_instrumento`;
/*!40101 SET @saved_cs_client     = @@character_set_client */;
/*!40101 SET character_set_client = utf8 */;
CREATE TABLE `visado_instrumento` (
  `id` int(11) NOT NULL AUTO_INCREMENT,
  `visado_id` int(11) NOT NULL,
  `instrumento_id` int(11) NOT NULL,
  `created_at` timestamp NOT NULL DEFAULT CURRENT_TIMESTAMP,
  `updated_at` timestamp NOT NULL DEFAULT CURRENT_TIMESTAMP,
  PRIMARY KEY (`id`),
  KEY `visado_id` (`visado_id`),
  KEY `instrumento_id` (`instrumento_id`)
) ENGINE=InnoDB AUTO_INCREMENT=9 DEFAULT CHARSET=utf8 COLLATE=utf8_spanish_ci;
/*!40101 SET character_set_client = @saved_cs_client */;

LOCK TABLES `visado_instrumento` WRITE;
/*!40000 ALTER TABLE `visado_instrumento` DISABLE KEYS */;
INSERT INTO `visado_instrumento` VALUES (1,5,8,'2019-10-31 02:39:47','2019-10-31 02:39:47'),(2,6,8,'2019-11-02 15:31:31','2019-11-02 15:31:31'),(3,7,8,'2019-11-03 07:24:38','2019-11-03 07:24:38'),(4,8,8,'2019-11-04 12:55:29','2019-11-04 12:55:29'),(5,9,10,'2019-11-04 15:04:13','2019-11-04 15:04:13'),(6,10,10,'2019-11-06 15:00:39','2019-11-06 15:00:39'),(7,11,10,'2019-11-13 15:36:19','2019-11-13 15:36:19'),(8,12,10,'2019-11-13 15:45:10','2019-11-13 15:45:10');
/*!40000 ALTER TABLE `visado_instrumento` ENABLE KEYS */;
UNLOCK TABLES;
/*!50001 DROP VIEW IF EXISTS `view_auditoria_agremiado`*/;
/*!50001 SET @saved_cs_client          = @@character_set_client */;
/*!50001 SET @saved_cs_results         = @@character_set_results */;
/*!50001 SET @saved_col_connection     = @@collation_connection */;
/*!50001 SET character_set_client      = utf8mb4 */;
/*!50001 SET character_set_results     = utf8mb4 */;
/*!50001 SET collation_connection      = utf8mb4_general_ci */;
/*!50001 CREATE ALGORITHM=UNDEFINED */
/*!50013 DEFINER=`root`@`localhost` SQL SECURITY DEFINER */
/*!50001 VIEW `view_auditoria_agremiado` AS select `agremiado`.`civ` AS `civ`,`persona`.`cedula` AS `cedula`,`persona`.`nombre` AS `nombre_persona`,`persona`.`apellido` AS `apellido`,`auditoria`.`status` AS `status`,`auditoria`.`nombre` AS `nombre_auditoria`,`auditoria`.`observacion` AS `observacion`,`auditoria`.`observacion_final` AS `observacion_final`,`auditoria`.`created_at` AS `created_at`,`auditoria`.`updated_at` AS `updated_at` from (((`agremiado_persona` join `agremiado` on((`agremiado_persona`.`agremiado_id` = `agremiado`.`id`))) join `persona` on((`agremiado_persona`.`persona_id` = `persona`.`id`))) join `auditoria` on((`agremiado_persona`.`agremiado_id` = `auditoria`.`agremiado_id`))) */;
/*!50001 SET character_set_client      = @saved_cs_client */;
/*!50001 SET character_set_results     = @saved_cs_results */;
/*!50001 SET collation_connection      = @saved_col_connection */;
/*!50001 DROP VIEW IF EXISTS `view_auditoria_status_total`*/;
/*!50001 SET @saved_cs_client          = @@character_set_client */;
/*!50001 SET @saved_cs_results         = @@character_set_results */;
/*!50001 SET @saved_col_connection     = @@collation_connection */;
/*!50001 SET character_set_client      = utf8mb4 */;
/*!50001 SET character_set_results     = utf8mb4 */;
/*!50001 SET collation_connection      = utf8mb4_general_ci */;
/*!50001 CREATE ALGORITHM=UNDEFINED */
/*!50013 DEFINER=`root`@`localhost` SQL SECURITY DEFINER */
/*!50001 VIEW `view_auditoria_status_total` AS select (select count(`auditoria`.`status`) from `auditoria` where (`auditoria`.`status` = 'APROBADO')) AS `aprobados`,(select count(`auditoria`.`status`) from `auditoria` where (`auditoria`.`status` = 'RECHAZADO')) AS `rechazados`,(select count(`auditoria`.`status`) from `auditoria` where (`auditoria`.`status` = 'AUDITANDO')) AS `auditando` from `auditoria` group by (select count(`auditoria`.`status`) from `auditoria` where (`auditoria`.`status` = 'APROBADO')) */;
/*!50001 SET character_set_client      = @saved_cs_client */;
/*!50001 SET character_set_results     = @saved_cs_results */;
/*!50001 SET collation_connection      = @saved_col_connection */;
/*!50001 DROP VIEW IF EXISTS `view_cepir_agremiado`*/;
/*!50001 SET @saved_cs_client          = @@character_set_client */;
/*!50001 SET @saved_cs_results         = @@character_set_results */;
/*!50001 SET @saved_col_connection     = @@collation_connection */;
/*!50001 SET character_set_client      = utf8mb4 */;
/*!50001 SET character_set_results     = utf8mb4 */;
/*!50001 SET collation_connection      = utf8mb4_general_ci */;
/*!50001 CREATE ALGORITHM=UNDEFINED */
/*!50013 DEFINER=`root`@`localhost` SQL SECURITY DEFINER */
/*!50001 VIEW `view_cepir_agremiado` AS select `agremiado`.`civ` AS `civ`,`persona`.`cedula` AS `cedula`,`persona`.`nombre` AS `nombre`,`persona`.`apellido` AS `apellido`,`cepir`.`nombre_proyecto` AS `nombre_proyecto`,`cepir`.`ncontrato` AS `ncontrato`,`cepir`.`monto_letras` AS `monto_letras`,`cepir`.`monto_num` AS `monto_num`,`cepir`.`created_at` AS `created_at` from (((`agremiado_persona` join `agremiado` on((`agremiado_persona`.`agremiado_id` = `agremiado`.`id`))) join `persona` on((`agremiado_persona`.`persona_id` = `persona`.`id`))) join `cepir` on((`agremiado_persona`.`agremiado_id` = `cepir`.`agremiado_id`))) */;
/*!50001 SET character_set_client      = @saved_cs_client */;
/*!50001 SET character_set_results     = @saved_cs_results */;
/*!50001 SET collation_connection      = @saved_col_connection */;
/*!40103 SET TIME_ZONE=@OLD_TIME_ZONE */;

/*!40101 SET SQL_MODE=@OLD_SQL_MODE */;
/*!40014 SET FOREIGN_KEY_CHECKS=@OLD_FOREIGN_KEY_CHECKS */;
/*!40014 SET UNIQUE_CHECKS=@OLD_UNIQUE_CHECKS */;
/*!40101 SET CHARACTER_SET_CLIENT=@OLD_CHARACTER_SET_CLIENT */;
/*!40101 SET CHARACTER_SET_RESULTS=@OLD_CHARACTER_SET_RESULTS */;
/*!40101 SET COLLATION_CONNECTION=@OLD_COLLATION_CONNECTION */;
/*!40111 SET SQL_NOTES=@OLD_SQL_NOTES */;

